team,year,game,rush_att,rush_yards,rush_tds,rush_long,rush_y/a,rush_y/g,fumbles,rush_exp
Baltimore Ravens,2019,9,322,1775,15,60,5.5,197.2,10,54.60
Minnesota Vikings,2019,10,326,1530,13,75,4.7,153.0,19,8.27
San Francisco 49ers,2019,9,330,1456,13,83,4.4,161.8,10,-19.33
Seattle Seahawks,2019,10,307,1332,9,59,4.3,133.2,18,-32.34
Houston Texans,2019,9,259,1285,10,58,5.0,142.8,13,16.73
Dallas Cowboys,2019,9,261,1244,11,42,4.8,138.2,6,17.87
Carolina Panthers,2019,9,232,1183,14,84,5.1,131.4,15,-4.18
Oakland Raiders,2019,9,249,1169,9,60,4.7,129.9,11,-4.35
Jacksonville Jaguars,2019,9,243,1167,1,81,4.8,129.7,15,-26.97
Arizona Cardinals,2019,10,236,1160,9,37,4.9,116.0,3,19.00
Indianapolis Colts,2019,9,274,1147,4,63,4.2,127.4,12,-2.60
Philadelphia Eagles,2019,9,270,1146,10,65,4.2,127.3,15,-13.35
Tennessee Titans,2019,10,257,1132,9,68,4.4,113.2,16,-10.89
Buffalo Bills,2019,9,246,1119,10,41,4.5,124.3,13,-1.24
Cleveland Browns,2019,9,213,1115,9,88,5.2,123.9,9,-12.22
Green Bay Packers,2019,10,243,1021,13,45,4.2,102.1,6,-4.47
Denver Broncos,2019,9,232,1007,7,40,4.3,111.9,14,-3.24
New Orleans Saints,2019,9,223,966,5,31,4.3,107.3,5,-12.11
New York Giants,2019,10,214,942,6,59,4.4,94.2,23,-9.77
Tampa Bay Buccaneers,2019,9,237,912,10,26,3.8,101.3,15,-6.43
Kansas City Chiefs,2019,10,213,908,7,91,4.3,90.8,17,-10.42
Detroit Lions,2019,9,235,866,2,44,3.7,96.2,8,-33.68
Los Angeles Rams,2019,9,222,866,11,27,3.9,96.2,11,-20.80
Los Angeles Chargers,2019,10,228,861,7,40,3.8,86.1,10,-26.31
New England Patriots,2019,9,253,836,13,26,3.3,92.9,7,-39.00
Washington Redskins,2019,9,186,805,2,65,4.3,89.4,11,-30.26
Pittsburgh Steelers,2019,9,212,749,5,45,3.5,83.2,16,-41.94
Chicago Bears,2019,9,205,725,5,55,3.5,80.6,5,-31.50
Atlanta Falcons,2019,9,182,691,3,28,3.8,76.8,11,-15.17
Cincinnati Bengals,2019,9,190,633,3,25,3.3,70.3,14,-22.06
New York Jets,2019,9,188,606,4,24,3.2,67.3,10,-27.80
Miami Dolphins,2019,9,189,580,4,19,3.1,64.4,16,-39.97
Seattle Seahawks,2018,16,534,2560,15,61,4.8,160.0,18,18.93
Baltimore Ravens,2018,16,547,2441,19,43,4.5,152.6,25,22.48
Los Angeles Rams,2018,16,459,2231,23,56,4.9,139.4,17,65.94
Carolina Panthers,2018,16,416,2136,17,59,5.1,133.5,20,44.06
New England Patriots,2018,16,478,2037,18,34,4.3,127.3,11,6.60
Tennessee Titans,2018,16,456,2027,15,99,4.4,126.7,18,-0.10
New Orleans Saints,2018,16,471,2025,26,49,4.3,126.6,18,20.56
Houston Texans,2018,16,472,2021,12,97,4.3,126.3,19,-6.60
Buffalo Bills,2018,16,468,1984,15,45,4.2,124.0,23,-8.40
Dallas Cowboys,2018,16,439,1963,13,41,4.5,122.7,23,17.99
Chicago Bears,2018,16,468,1938,16,42,4.1,121.1,23,1.30
Denver Broncos,2018,16,393,1907,18,65,4.9,119.2,18,2.77
San Francisco 49ers,2018,16,423,1902,7,66,4.5,118.9,31,-27.70
Cleveland Browns,2018,16,411,1893,15,92,4.6,118.3,19,-7.07
Los Angeles Chargers,2018,16,399,1873,16,41,4.7,117.1,17,4.10
Kansas City Chiefs,2018,16,387,1855,16,45,4.8,115.9,18,35.81
Washington Redskins,2018,16,414,1774,12,90,4.3,110.9,18,-1.14
Miami Dolphins,2018,16,371,1738,7,75,4.7,108.6,17,-14.17
Jacksonville Jaguars,2018,16,416,1723,7,43,4.1,107.7,26,-23.44
Indianapolis Colts,2018,16,408,1718,13,53,4.2,107.4,17,-13.08
Cincinnati Bengals,2018,16,359,1682,13,51,4.7,105.1,11,-4.71
Green Bay Packers,2018,16,333,1667,14,67,5.0,104.2,22,47.02
Detroit Lions,2018,16,404,1660,11,71,4.1,103.8,14,-17.05
New York Giants,2018,16,354,1650,13,78,4.7,103.1,16,-0.56
Oakland Raiders,2018,16,387,1628,9,52,4.2,101.8,24,-41.83
New York Jets,2018,16,410,1622,11,77,4.0,101.4,24,-48.94
Atlanta Falcons,2018,16,351,1573,11,65,4.5,98.3,24,-19.08
Philadelphia Eagles,2018,16,398,1570,12,32,3.9,98.1,29,-30.02
Tampa Bay Buccaneers,2018,16,389,1523,11,28,3.9,95.2,23,-35.16
Minnesota Vikings,2018,16,357,1493,9,70,4.2,93.3,15,-38.02
Pittsburgh Steelers,2018,16,345,1445,16,30,4.2,90.3,21,-5.90
Arizona Cardinals,2018,16,355,1342,9,53,3.8,83.9,23,-39.85
Jacksonville Jaguars,2017,16,527,2262,18,90,4.3,141.4,24,-67.81
Dallas Cowboys,2017,16,480,2170,18,70,4.5,135.6,11,-19.89
Philadelphia Eagles,2017,16,473,2115,9,71,4.5,132.2,25,-109.10
Carolina Panthers,2017,16,490,2102,15,69,4.3,131.4,19,-94.78
New Orleans Saints,2017,16,444,2070,23,74,4.7,129.4,19,-71.76
Buffalo Bills,2017,16,487,2017,12,48,4.1,126.1,17,-88.93
Minnesota Vikings,2017,16,501,1957,15,58,3.9,122.3,11,-133.79
Los Angeles Rams,2017,16,454,1953,17,57,4.3,122.1,29,-77.03
Kansas City Chiefs,2017,16,405,1903,12,70,4.7,118.9,14,-45.07
New England Patriots,2017,16,448,1889,16,44,4.2,118.1,13,-87.22
Baltimore Ravens,2017,16,460,1856,14,50,4.0,116.0,19,-49.38
Denver Broncos,2017,16,457,1852,8,40,4.1,115.8,26,-59.30
Atlanta Falcons,2017,16,430,1847,12,52,4.3,115.4,17,-96.37
Houston Texans,2017,16,448,1842,8,49,4.1,115.1,25,-41.89
Tennessee Titans,2017,16,443,1833,18,75,4.1,114.6,10,-65.47
Chicago Bears,2017,16,422,1788,13,53,4.2,111.8,24,-35.00
Green Bay Packers,2017,16,386,1724,13,46,4.5,107.8,14,5.45
Cleveland Browns,2017,16,384,1714,11,59,4.5,107.1,25,-44.66
New York Jets,2017,16,427,1702,13,75,4.0,106.4,25,-100.30
Pittsburgh Steelers,2017,16,437,1667,12,29,3.8,104.2,15,-116.88
San Francisco 49ers,2017,16,408,1662,15,61,4.1,103.9,14,-88.47
Indianapolis Colts,2017,16,451,1661,11,35,3.7,103.8,20,-87.60
Seattle Seahawks,2017,16,409,1629,4,33,4.0,101.8,18,-78.07
Los Angeles Chargers,2017,16,419,1595,10,87,3.8,99.7,17,-93.07
Oakland Raiders,2017,16,370,1554,13,52,4.2,97.1,33,-49.13
New York Giants,2017,16,394,1549,6,75,3.9,96.8,20,-70.19
Tampa Bay Buccaneers,2017,16,390,1448,8,36,3.7,90.5,27,-82.91
Washington Redskins,2017,16,401,1448,10,61,3.6,90.5,28,-97.98
Miami Dolphins,2017,16,360,1388,4,69,3.9,86.8,23,-93.59
Arizona Cardinals,2017,16,410,1386,6,33,3.4,86.6,19,-109.56
Cincinnati Bengals,2017,16,377,1366,6,25,3.6,85.4,22,-79.97
Detroit Lions,2017,16,363,1221,10,34,3.4,76.3,21,-105.35
Buffalo Bills,2016,16,492,2630,29,75,5.3,164.4,15,35.39
Dallas Cowboys,2016,16,499,2396,24,60,4.8,149.8,22,-9.95
Tennessee Titans,2016,16,476,2187,16,75,4.6,136.7,16,-31.40
San Francisco 49ers,2016,16,458,2019,15,47,4.4,126.2,29,-28.65
Atlanta Falcons,2016,16,421,1928,20,75,4.6,120.5,8,-11.02
Oakland Raiders,2016,16,434,1922,17,75,4.4,120.1,17,-70.84
New England Patriots,2016,16,482,1872,19,44,3.9,117.0,27,-116.50
Houston Texans,2016,16,456,1859,8,45,4.1,116.2,20,-68.97
Miami Dolphins,2016,16,406,1824,14,62,4.5,114.0,26,-53.07
Carolina Panthers,2016,16,453,1814,16,47,4.0,113.4,13,-53.01
Philadelphia Eagles,2016,16,438,1813,16,30,4.1,113.3,24,-54.66
New York Jets,2016,16,418,1802,10,35,4.3,112.6,24,-13.71
Cincinnati Bengals,2016,16,446,1769,17,74,4.0,110.6,20,-38.62
Pittsburgh Steelers,2016,16,409,1760,13,60,4.3,110.0,15,-74.26
Kansas City Chiefs,2016,16,412,1748,15,70,4.2,109.3,18,-49.94
New Orleans Saints,2016,16,404,1742,17,75,4.3,108.9,17,-16.59
Chicago Bears,2016,16,380,1735,10,69,4.6,108.4,26,-46.68
Arizona Cardinals,2016,16,399,1732,20,58,4.3,108.3,27,-30.90
Cleveland Browns,2016,16,350,1712,13,85,4.9,107.0,26,-30.05
Green Bay Packers,2016,16,374,1701,11,61,4.5,106.3,21,-50.04
Washington Redskins,2016,16,379,1696,17,66,4.5,106.0,19,-23.40
Jacksonville Jaguars,2016,16,392,1631,8,57,4.2,101.9,23,-64.26
Indianapolis Colts,2016,16,409,1628,13,33,4.0,101.8,16,-17.50
Tampa Bay Buccaneers,2016,16,453,1616,8,45,3.6,101.0,19,-85.54
Seattle Seahawks,2016,16,403,1591,13,75,3.9,99.4,22,-59.80
San Diego Chargers,2016,16,398,1510,10,48,3.8,94.4,22,-80.38
Denver Broncos,2016,16,410,1484,11,64,3.6,92.8,24,-77.50
Baltimore Ravens,2016,16,367,1463,10,41,4.0,91.4,19,-18.06
New York Giants,2016,16,398,1412,6,25,3.5,88.3,22,-70.14
Detroit Lions,2016,16,350,1310,9,42,3.7,81.9,9,-36.94
Los Angeles Rams,2016,16,375,1252,9,30,3.3,78.3,24,-53.77
Minnesota Vikings,2016,16,380,1205,9,36,3.2,75.3,20,-95.97
Buffalo Bills,2015,16,509,2432,19,60,4.8,152.0,28,26.31
Carolina Panthers,2015,16,526,2282,19,47,4.3,142.6,12,13.69
Seattle Seahawks,2015,16,500,2268,10,69,4.5,141.8,17,-5.31
Minnesota Vikings,2015,16,474,2211,18,80,4.7,138.2,21,18.58
Tampa Bay Buccaneers,2015,16,455,2162,12,84,4.8,135.1,26,-7.56
Kansas City Chiefs,2015,16,436,2044,19,52,4.7,127.8,15,29.78
St. Louis Rams,2015,16,429,1956,16,71,4.6,122.3,22,-21.12
Arizona Cardinals,2015,16,452,1917,16,63,4.2,119.8,23,-29.55
Dallas Cowboys,2015,16,408,1890,8,50,4.6,118.1,18,-5.43
New York Jets,2015,16,448,1868,11,58,4.2,116.8,17,-12.95
Chicago Bears,2015,16,468,1854,13,27,4.0,115.9,20,-12.11
Green Bay Packers,2015,16,436,1850,8,65,4.2,115.6,24,-17.89
Cincinnati Bengals,2015,16,467,1805,18,38,3.9,112.8,17,-35.56
Philadelphia Eagles,2015,16,442,1743,15,63,3.9,108.9,25,-32.88
Houston Texans,2015,16,472,1731,7,41,3.7,108.2,22,-45.56
Pittsburgh Steelers,2015,16,388,1724,16,55,4.4,107.8,16,-12.86
Denver Broncos,2015,16,411,1718,13,72,4.2,107.4,16,-31.75
New York Giants,2015,16,403,1609,5,39,4.0,100.6,23,-35.86
Atlanta Falcons,2015,16,420,1606,13,46,3.8,100.4,26,-52.73
Washington Redskins,2015,16,429,1566,9,48,3.7,97.9,26,-53.94
San Francisco 49ers,2015,16,390,1544,7,47,4.0,96.5,21,-17.83
Cleveland Browns,2015,16,380,1529,5,54,4.0,95.6,28,-36.96
Miami Dolphins,2015,16,344,1496,11,85,4.3,93.5,23,-13.04
New Orleans Saints,2015,16,397,1491,16,70,3.8,93.2,17,-3.84
Tennessee Titans,2015,16,371,1485,10,87,4.0,92.8,25,-41.93
Baltimore Ravens,2015,16,383,1478,8,44,3.9,92.4,13,-33.85
Jacksonville Jaguars,2015,16,354,1473,5,45,4.2,92.1,25,-49.26
Oakland Raiders,2015,16,370,1457,7,54,3.9,91.1,27,-27.22
Indianapolis Colts,2015,16,396,1438,6,37,3.6,89.9,19,-57.18
New England Patriots,2015,16,383,1404,14,38,3.7,87.8,14,-25.20
San Diego Chargers,2015,16,393,1358,4,53,3.5,84.9,20,-58.43
Detroit Lions,2015,16,354,1335,7,36,3.8,83.4,17,-27.33
Seattle Seahawks,2014,16,525,2762,20,79,5.3,172.6,23,68.39
Dallas Cowboys,2014,16,508,2354,16,65,4.6,147.1,21,-4.39
New York Jets,2014,16,507,2280,11,71,4.5,142.5,25,-10.54
San Francisco 49ers,2014,16,470,2176,10,90,4.6,136.0,18,-27.95
Houston Texans,2014,16,551,2161,12,51,3.9,135.1,19,-34.23
Cincinnati Bengals,2014,16,492,2147,19,89,4.4,134.2,20,2.79
Carolina Panthers,2014,16,473,2036,10,69,4.3,127.3,25,-6.19
Baltimore Ravens,2014,16,448,2019,16,52,4.5,126.2,16,-17.36
Philadelphia Eagles,2014,16,474,1992,16,53,4.2,124.5,25,-30.60
Kansas City Chiefs,2014,16,420,1918,18,63,4.6,119.9,22,10.36
Green Bay Packers,2014,16,435,1917,14,44,4.4,119.8,19,-33.08
Miami Dolphins,2014,16,399,1872,12,97,4.7,117.0,27,-2.97
New Orleans Saints,2014,16,406,1818,16,67,4.5,113.6,22,9.64
Minnesota Vikings,2014,16,413,1804,12,67,4.4,112.8,12,9.01
Denver Broncos,2014,16,443,1785,15,47,4.0,111.6,16,-19.29
Pittsburgh Steelers,2014,16,423,1752,10,81,4.1,109.5,16,-25.17
Cleveland Browns,2014,16,477,1728,17,36,3.6,108.0,17,-34.46
New England Patriots,2014,16,438,1727,13,43,3.9,107.9,13,6.99
Washington Redskins,2014,16,401,1691,15,30,4.2,105.7,31,-12.05
St. Louis Rams,2014,16,395,1635,11,89,4.1,102.2,27,-40.74
Jacksonville Jaguars,2014,16,360,1633,9,62,4.5,102.1,15,-4.56
Indianapolis Colts,2014,16,415,1612,9,49,3.9,100.8,31,-53.39
New York Giants,2014,16,449,1603,13,50,3.6,100.2,21,-30.98
Atlanta Falcons,2014,16,372,1498,11,55,4.0,93.6,16,-20.02
Buffalo Bills,2014,16,402,1482,7,53,3.7,92.6,22,-56.16
Tennessee Titans,2014,16,356,1447,6,52,4.1,90.4,23,-40.59
Chicago Bears,2014,16,355,1441,8,32,4.1,90.1,19,1.62
Detroit Lions,2014,16,396,1422,11,57,3.6,88.9,21,-27.68
Tampa Bay Buccaneers,2014,16,353,1375,7,63,3.9,85.9,29,-39.97
San Diego Chargers,2014,16,398,1367,6,52,3.4,85.4,15,-40.11
Arizona Cardinals,2014,16,397,1308,6,22,3.3,81.8,16,-49.55
Oakland Raiders,2014,16,337,1240,4,90,3.7,77.5,28,-72.59
Philadelphia Eagles,2013,16,500,2566,19,65,5.1,160.4,19,27.32
Buffalo Bills,2013,16,546,2307,15,77,4.2,144.2,32,-9.61
San Francisco 49ers,2013,16,505,2201,18,51,4.4,137.6,20,6.19
Seattle Seahawks,2013,16,509,2188,14,43,4.3,136.8,26,-35.48
Washington Redskins,2013,16,453,2164,14,45,4.8,135.3,30,-3.91
New York Jets,2013,16,493,2158,12,69,4.4,134.9,15,-19.66
Green Bay Packers,2013,16,459,2136,17,67,4.7,133.5,19,26.99
Minnesota Vikings,2013,16,423,2081,23,78,4.9,130.1,23,34.90
New England Patriots,2013,16,470,2065,19,47,4.4,129.1,24,-10.74
Kansas City Chiefs,2013,16,442,2056,17,46,4.7,128.5,21,-10.39
Carolina Panthers,2013,16,483,2026,14,56,4.2,126.6,12,28.31
Oakland Raiders,2013,16,437,2000,16,93,4.6,125.0,27,-8.62
San Diego Chargers,2013,16,486,1965,9,51,4.0,122.8,14,3.15
Tennessee Titans,2013,16,462,1894,16,39,4.1,118.4,27,-3.37
Denver Broncos,2013,16,461,1873,16,45,4.1,117.1,27,-11.91
Chicago Bears,2013,16,404,1828,13,55,4.5,114.3,21,2.28
Detroit Lions,2013,16,445,1792,15,39,4.0,112.0,28,-38.56
Cincinnati Bengals,2013,16,481,1755,14,35,3.6,109.7,20,-33.68
St. Louis Rams,2013,16,426,1752,10,65,4.1,109.5,20,-34.95
Indianapolis Colts,2013,16,409,1743,15,51,4.3,108.9,14,10.05
Houston Texans,2013,16,414,1743,7,60,4.2,108.9,21,-8.90
Tampa Bay Buccaneers,2013,16,420,1612,6,80,3.8,100.8,18,-35.85
Arizona Cardinals,2013,16,422,1540,12,80,3.6,96.3,22,-37.87
Dallas Cowboys,2013,16,336,1504,12,45,4.5,94.0,18,23.69
New Orleans Saints,2013,16,391,1473,10,38,3.8,92.1,12,-13.91
Miami Dolphins,2013,16,349,1440,8,55,4.1,90.0,16,-32.00
Pittsburgh Steelers,2013,16,394,1383,9,43,3.5,86.4,16,-47.23
Cleveland Browns,2013,16,348,1383,4,45,4.0,86.4,17,-2.58
New York Giants,2013,16,381,1332,11,49,3.5,83.3,26,-75.93
Baltimore Ravens,2013,16,423,1328,7,47,3.1,83.0,15,-76.41
Jacksonville Jaguars,2013,16,378,1260,7,48,3.3,78.8,18,-49.18
Atlanta Falcons,2013,16,321,1247,11,50,3.9,77.9,17,-21.90
Washington Redskins,2012,16,519,2709,22,76,5.2,169.3,26,-40.93
Minnesota Vikings,2012,16,486,2634,16,82,5.4,164.6,21,-25.25
Seattle Seahawks,2012,16,536,2579,16,77,4.8,161.2,16,-30.63
San Francisco 49ers,2012,16,492,2491,17,50,5.1,155.7,26,-36.82
Kansas City Chiefs,2012,16,500,2395,9,91,4.8,149.7,26,-60.06
Buffalo Bills,2012,16,442,2217,12,62,5.0,138.6,23,-41.53
New England Patriots,2012,16,523,2184,25,47,4.2,136.5,14,-65.96
Houston Texans,2012,16,508,2123,19,81,4.2,132.7,12,-76.71
Carolina Panthers,2012,16,462,2088,21,72,4.5,130.5,22,-37.81
Chicago Bears,2012,16,470,1970,11,46,4.2,123.1,20,-77.09
Baltimore Ravens,2012,16,444,1901,17,78,4.3,118.8,14,-57.13
New York Jets,2012,16,494,1896,12,61,3.8,118.5,32,-58.81
Philadelphia Eagles,2012,16,413,1874,10,65,4.5,117.1,37,-85.50
New York Giants,2012,16,409,1862,18,52,4.6,116.4,13,-42.63
Tampa Bay Buccaneers,2012,16,416,1837,13,70,4.4,114.8,16,-28.30
Denver Broncos,2012,16,481,1832,12,31,3.8,114.5,22,-109.60
Miami Dolphins,2012,16,440,1802,15,65,4.1,112.6,25,-70.61
Cincinnati Bengals,2012,16,430,1745,11,48,4.1,109.1,19,-43.34
St. Louis Rams,2012,16,410,1714,5,53,4.2,107.1,24,-73.79
Green Bay Packers,2012,16,433,1702,9,41,3.9,106.4,16,-63.59
Tennessee Titans,2012,16,378,1687,10,94,4.5,105.4,21,-52.27
Indianapolis Colts,2012,16,440,1671,11,26,3.8,104.4,21,-60.84
Detroit Lions,2012,16,391,1613,17,67,4.1,100.8,24,-58.88
Cleveland Browns,2012,16,396,1593,12,35,4.0,99.6,22,-49.42
New Orleans Saints,2012,16,370,1577,10,56,4.3,98.6,13,-21.33
Pittsburgh Steelers,2012,16,412,1537,8,34,3.7,96.1,33,-102.56
San Diego Chargers,2012,16,411,1461,4,52,3.6,91.3,24,-94.71
Oakland Raiders,2012,16,376,1420,4,64,3.8,88.8,22,-95.21
Atlanta Falcons,2012,16,378,1397,12,43,3.7,87.3,9,-127.40
Jacksonville Jaguars,2012,16,358,1369,5,59,3.8,85.6,20,-59.03
Dallas Cowboys,2012,16,355,1265,8,48,3.6,79.1,20,-85.16
Arizona Cardinals,2012,16,352,1204,10,52,3.4,75.3,25,-88.97
Denver Broncos,2011,16,546,2632,11,60,4.8,164.5,30,-61.54
Houston Texans,2011,16,546,2448,18,56,4.5,153.0,20,-72.18
Carolina Panthers,2011,16,445,2408,26,74,5.4,150.5,13,37.84
Minnesota Vikings,2011,16,448,2318,18,67,5.2,144.9,20,28.20
Philadelphia Eagles,2011,16,450,2276,20,60,5.1,142.3,23,-0.72
New Orleans Saints,2011,16,431,2127,16,36,4.9,132.9,6,-23.63
Oakland Raiders,2011,16,466,2110,16,70,4.5,131.9,16,-108.61
San Francisco 49ers,2011,16,498,2044,14,55,4.1,127.8,14,-127.36
Chicago Bears,2011,16,456,2015,10,46,4.4,125.9,26,-61.08
Baltimore Ravens,2011,16,459,1996,15,70,4.3,124.8,24,-81.41
Miami Dolphins,2011,16,469,1987,11,76,4.2,124.2,28,-90.70
Jacksonville Jaguars,2011,16,489,1970,9,56,4.0,123.1,27,-90.59
Buffalo Bills,2011,16,391,1921,12,80,4.9,120.1,16,-41.10
Pittsburgh Steelers,2011,16,434,1903,13,76,4.4,118.9,16,-64.68
Kansas City Chiefs,2011,16,487,1893,5,34,3.9,118.3,17,-101.78
San Diego Chargers,2011,16,436,1864,16,41,4.3,116.5,19,-71.85
Atlanta Falcons,2011,16,453,1834,14,81,4.0,114.6,12,-71.79
Dallas Cowboys,2011,16,408,1807,5,91,4.4,112.9,24,-93.14
Cincinnati Bengals,2011,16,455,1778,10,42,3.9,111.1,17,-73.42
New England Patriots,2011,16,438,1764,18,33,4.0,110.3,13,-79.76
Seattle Seahawks,2011,16,444,1756,15,48,4.0,109.8,22,-63.97
New York Jets,2011,16,443,1692,14,31,3.8,105.8,25,-46.97
St. Louis Rams,2011,16,409,1667,7,47,4.1,104.2,27,-61.75
Arizona Cardinals,2011,16,389,1625,12,71,4.2,101.6,24,-37.19
Washington Redskins,2011,16,400,1614,8,39,4.0,100.9,25,-90.22
Indianapolis Colts,2011,16,382,1594,8,80,4.2,99.6,24,-63.82
Green Bay Packers,2011,16,395,1558,12,47,3.9,97.4,15,-74.56
Cleveland Browns,2011,16,415,1531,4,40,3.7,95.7,22,-87.66
Detroit Lions,2011,16,356,1523,9,88,4.3,95.2,20,-54.04
Tampa Bay Buccaneers,2011,16,346,1458,9,54,4.2,91.1,30,-59.77
Tennessee Titans,2011,16,376,1438,8,48,3.8,89.9,17,-74.84
New York Giants,2011,16,411,1427,17,37,3.5,89.2,18,-136.24
Kansas City Chiefs,2010,16,556,2627,13,80,4.7,164.2,15,-71.61
Oakland Raiders,2010,16,504,2494,19,71,4.9,155.9,32,-41.56
Jacksonville Jaguars,2010,16,512,2395,14,74,4.7,149.7,23,-0.04
New York Jets,2010,16,534,2374,14,53,4.4,148.4,23,-62.18
Philadelphia Eagles,2010,16,428,2324,18,62,5.4,145.3,33,-23.95
New York Giants,2010,16,480,2200,17,73,4.6,137.5,26,-81.42
Houston Texans,2010,16,423,2042,20,74,4.8,127.6,15,-3.23
Tampa Bay Buccaneers,2010,16,431,2001,9,61,4.6,125.1,24,-82.89
New England Patriots,2010,16,454,1973,19,36,4.3,123.3,9,-17.14
Minnesota Vikings,2010,16,441,1942,16,80,4.4,121.4,20,-40.01
Pittsburgh Steelers,2010,16,471,1924,15,50,4.1,120.3,22,-117.17
Atlanta Falcons,2010,16,497,1891,14,55,3.8,118.2,12,-99.59
Carolina Panthers,2010,16,428,1846,7,60,4.3,115.4,31,-91.98
Baltimore Ravens,2010,16,487,1831,11,50,3.8,114.4,22,-101.84
San Diego Chargers,2010,16,457,1810,18,36,4.0,113.1,25,-81.01
Dallas Cowboys,2010,16,428,1786,10,60,4.2,111.6,28,-68.21
Tennessee Titans,2010,16,406,1727,13,76,4.3,107.9,22,-93.33
Buffalo Bills,2010,16,401,1720,6,39,4.3,107.5,33,-73.69
San Francisco 49ers,2010,16,401,1657,10,64,4.1,103.6,22,-60.61
Cleveland Browns,2010,16,413,1646,13,68,4.0,102.9,29,-88.79
Miami Dolphins,2010,16,445,1643,8,51,3.7,102.7,24,-102.10
Chicago Bears,2010,16,414,1616,10,68,3.9,101.0,19,-102.07
Detroit Lions,2010,16,404,1613,11,45,4.0,100.8,20,-56.04
Green Bay Packers,2010,16,421,1606,11,71,3.8,100.4,20,-114.63
St. Louis Rams,2010,16,429,1578,9,42,3.7,98.6,14,-114.98
Denver Broncos,2010,16,398,1544,13,40,3.9,96.5,29,-116.00
Cincinnati Bengals,2010,16,428,1522,8,42,3.6,95.1,21,-125.90
New Orleans Saints,2010,16,380,1519,9,55,4.0,94.9,23,-128.96
Indianapolis Colts,2010,16,393,1483,13,49,3.8,92.7,14,-70.85
Washington Redskins,2010,16,351,1461,9,54,4.2,91.3,29,-75.20
Seattle Seahawks,2010,16,385,1424,13,39,3.7,89.0,18,-89.01
Arizona Cardinals,2010,16,320,1388,9,80,4.3,86.8,33,-49.82
New York Jets,2009,16,607,2756,21,71,4.5,172.3,24,-83.44
Tennessee Titans,2009,16,499,2592,19,91,5.2,162.0,27,-30.31
Carolina Panthers,2009,16,525,2498,18,77,4.8,156.1,23,-55.03
Miami Dolphins,2009,16,509,2231,22,68,4.4,139.4,27,-26.62
Baltimore Ravens,2009,16,468,2200,22,77,4.7,137.5,19,-44.20
New Orleans Saints,2009,16,468,2106,21,55,4.5,131.6,25,-72.37
Dallas Cowboys,2009,16,436,2103,14,66,4.8,131.4,20,-51.42
Cleveland Browns,2009,16,498,2087,10,71,4.2,130.4,21,-47.91
Cincinnati Bengals,2009,16,505,2056,9,61,4.1,128.5,24,-80.94
Jacksonville Jaguars,2009,16,447,2029,19,80,4.5,126.8,26,-31.64
Kansas City Chiefs,2009,16,438,1929,8,76,4.4,120.6,31,-74.14
New England Patriots,2009,16,466,1921,19,55,4.1,120.1,17,-43.48
Minnesota Vikings,2009,16,467,1918,19,64,4.1,119.9,19,-136.97
Green Bay Packers,2009,16,438,1885,20,62,4.3,117.8,20,5.05
Atlanta Falcons,2009,16,451,1876,15,58,4.2,117.3,19,-79.13
Buffalo Bills,2009,16,424,1867,6,47,4.4,116.7,24,-90.07
New York Giants,2009,16,443,1837,14,38,4.1,114.8,30,-84.31
Denver Broncos,2009,16,440,1836,9,45,4.2,114.8,15,-70.46
Pittsburgh Steelers,2009,16,428,1793,10,60,4.2,112.1,21,-99.78
St. Louis Rams,2009,16,411,1784,4,58,4.3,111.5,24,-66.81
Oakland Raiders,2009,16,410,1701,7,60,4.1,106.3,30,-102.38
Philadelphia Eagles,2009,16,384,1637,14,67,4.3,102.3,23,-36.90
Tampa Bay Buccaneers,2009,16,404,1627,5,35,4.0,101.7,25,-93.99
Detroit Lions,2009,16,409,1616,9,64,4.0,101.0,25,-38.37
San Francisco 49ers,2009,16,371,1600,12,80,4.3,100.0,24,-57.85
Seattle Seahawks,2009,16,395,1566,7,62,4.0,97.9,33,-64.83
Washington Redskins,2009,16,391,1510,8,78,3.9,94.4,30,-87.96
Arizona Cardinals,2009,16,365,1494,16,50,4.1,93.4,32,-90.93
Chicago Bears,2009,16,373,1492,6,72,4.0,93.3,26,-96.30
Houston Texans,2009,16,425,1475,13,32,3.5,92.2,21,-110.06
San Diego Chargers,2009,16,427,1423,17,36,3.3,88.9,14,-108.29
Indianapolis Colts,2009,16,366,1294,16,45,3.5,80.9,11,-110.36
New York Giants,2008,16,502,2518,19,77,5.0,157.4,18,-58.58
Atlanta Falcons,2008,16,560,2443,23,70,4.4,152.7,18,-78.18
Carolina Panthers,2008,16,504,2437,30,69,4.8,152.3,12,-24.70
Baltimore Ravens,2008,16,592,2376,20,82,4.0,148.5,28,-118.02
Minnesota Vikings,2008,16,519,2332,15,67,4.5,145.8,31,-79.91
New England Patriots,2008,16,513,2278,21,49,4.4,142.4,17,-26.15
Tennessee Titans,2008,16,508,2199,24,80,4.3,137.4,18,-83.81
Washington Redskins,2008,16,478,2095,12,31,4.4,130.9,20,-78.38
New York Jets,2008,16,422,2004,20,61,4.7,125.3,22,-47.35
Oakland Raiders,2008,16,459,1987,9,67,4.3,124.2,28,-108.67
Miami Dolphins,2008,16,448,1897,18,62,4.2,118.6,18,-116.35
Denver Broncos,2008,16,387,1862,15,71,4.8,116.4,18,-22.74
Houston Texans,2008,16,432,1846,16,71,4.3,115.4,28,-40.25
Buffalo Bills,2008,16,439,1842,16,50,4.2,115.1,33,-81.58
Tampa Bay Buccaneers,2008,16,451,1837,13,68,4.1,114.8,21,-118.67
Kansas City Chiefs,2008,16,379,1810,9,65,4.8,113.1,20,-44.65
Green Bay Packers,2008,16,437,1805,11,73,4.1,112.8,25,-42.97
Jacksonville Jaguars,2008,16,426,1774,17,46,4.2,110.9,23,-46.00
Seattle Seahawks,2008,16,417,1768,10,45,4.2,110.5,20,-44.46
San Diego Chargers,2008,16,421,1726,13,45,4.1,107.9,18,-27.95
Dallas Cowboys,2008,16,401,1723,12,60,4.3,107.7,29,-46.26
Philadelphia Eagles,2008,16,427,1697,15,39,4.0,106.1,16,-96.79
Pittsburgh Steelers,2008,16,460,1690,16,34,3.7,105.6,28,-126.83
Chicago Bears,2008,16,434,1673,15,50,3.9,104.6,19,-51.58
St. Louis Rams,2008,16,417,1649,8,56,4.0,103.1,18,-59.98
Cleveland Browns,2008,16,409,1605,6,72,3.9,100.3,17,-47.74
San Francisco 49ers,2008,16,397,1599,10,41,4.0,99.9,36,-56.80
New Orleans Saints,2008,16,398,1594,20,43,4.0,99.6,18,-38.91
Cincinnati Bengals,2008,16,420,1520,6,46,3.6,95.0,27,-100.88
Detroit Lions,2008,16,352,1332,10,50,3.8,83.3,31,-39.84
Indianapolis Colts,2008,16,370,1274,13,38,3.4,79.6,13,-83.25
Arizona Cardinals,2008,16,340,1178,14,35,3.5,73.6,27,-117.91
Minnesota Vikings,2007,16,494,2634,22,84,5.3,164.6,27,-5.46
Jacksonville Jaguars,2007,16,522,2391,18,80,4.6,149.4,18,-53.47
Pittsburgh Steelers,2007,16,511,2168,9,45,4.2,135.5,21,-40.83
New York Giants,2007,16,469,2148,15,88,4.6,134.3,26,-62.52
Tennessee Titans,2007,16,543,2109,17,42,3.9,131.8,32,-111.09
Oakland Raiders,2007,16,508,2086,11,48,4.1,130.4,42,-87.37
San Diego Chargers,2007,16,485,2039,19,74,4.2,127.4,17,-77.34
Philadelphia Eagles,2007,16,421,1974,12,40,4.7,123.4,24,-29.36
Denver Broncos,2007,16,429,1957,10,62,4.6,122.3,30,-68.61
Cleveland Browns,2007,16,440,1895,13,66,4.3,118.4,22,-49.73
Tampa Bay Buccaneers,2007,16,449,1872,15,31,4.2,117.0,18,-58.11
Washington Redskins,2007,16,498,1871,15,32,3.8,116.9,35,-158.70
New England Patriots,2007,16,451,1849,17,59,4.1,115.6,14,-66.44
Carolina Panthers,2007,16,451,1824,7,75,4.0,114.0,25,-84.83
Buffalo Bills,2007,16,448,1800,8,56,4.0,112.5,20,-69.26
Baltimore Ravens,2007,16,446,1797,11,46,4.0,112.3,35,-97.29
Dallas Cowboys,2007,16,419,1746,14,54,4.2,109.1,21,-41.38
Indianapolis Colts,2007,16,446,1706,19,23,3.8,106.6,14,-67.18
New York Jets,2007,16,446,1701,6,49,3.8,106.3,20,-63.21
Seattle Seahawks,2007,16,430,1619,9,46,3.8,101.2,21,-114.02
Green Bay Packers,2007,16,388,1597,13,66,4.1,99.8,25,-93.55
Houston Texans,2007,16,417,1586,12,41,3.8,99.1,26,-35.73
Miami Dolphins,2007,16,389,1569,14,60,4.0,98.1,25,-40.55
Cincinnati Bengals,2007,16,416,1556,10,45,3.7,97.3,20,-67.12
St. Louis Rams,2007,16,404,1527,5,54,3.8,95.4,25,-69.27
Atlanta Falcons,2007,16,385,1520,7,67,3.9,95.0,18,-77.20
San Francisco 49ers,2007,16,357,1477,8,43,4.1,92.3,36,-64.91
New Orleans Saints,2007,16,392,1466,14,26,3.7,91.6,25,-82.53
Arizona Cardinals,2007,16,402,1440,9,27,3.6,90.0,27,-100.69
Chicago Bears,2007,16,423,1330,8,43,3.1,83.1,34,-75.71
Detroit Lions,2007,16,324,1288,13,53,4.0,80.5,35,-66.00
Kansas City Chiefs,2007,16,383,1248,6,54,3.3,78.0,22,-66.24
Atlanta Falcons,2006,16,537,2939,9,90,5.5,183.7,18,-23.87
San Diego Chargers,2006,16,522,2578,32,85,4.9,161.1,19,-24.15
Jacksonville Jaguars,2006,16,513,2541,23,76,5.0,158.8,16,-16.46
Washington Redskins,2006,16,490,2216,13,38,4.5,138.5,20,-42.65
Tennessee Titans,2006,16,469,2214,15,70,4.7,138.4,29,-61.05
San Francisco 49ers,2006,16,438,2172,12,72,5.0,135.8,24,-88.24
New York Giants,2006,16,455,2156,14,55,4.7,134.8,23,-38.68
Denver Broncos,2006,16,488,2152,12,72,4.4,134.5,29,-49.57
Kansas City Chiefs,2006,16,513,2143,17,47,4.2,133.9,25,-65.39
Pittsburgh Steelers,2006,16,469,1992,16,76,4.2,124.5,27,-65.62
Philadelphia Eagles,2006,16,416,1984,13,71,4.8,124.0,26,-32.86
New England Patriots,2006,16,499,1969,20,50,3.9,123.1,27,-95.59
Dallas Cowboys,2006,16,472,1936,21,77,4.1,121.0,21,-74.83
Seattle Seahawks,2006,16,484,1923,8,37,4.0,120.2,21,-114.29
Chicago Bears,2006,16,503,1918,14,30,3.8,119.9,26,-68.43
Minnesota Vikings,2006,16,442,1820,12,95,4.1,113.8,31,-74.00
St. Louis Rams,2006,16,424,1805,13,59,4.3,112.8,20,-55.02
Indianapolis Colts,2006,16,439,1762,17,41,4.0,110.1,13,-83.82
New Orleans Saints,2006,16,472,1761,19,57,3.7,110.1,23,-107.78
New York Jets,2006,16,491,1738,15,32,3.5,108.6,21,-130.96
Houston Texans,2006,16,431,1685,13,35,3.9,105.3,28,-36.94
Miami Dolphins,2006,16,402,1673,7,55,4.2,104.6,19,-80.13
Green Bay Packers,2006,16,431,1663,9,70,3.9,103.9,25,-101.20
Carolina Panthers,2006,16,423,1659,7,43,3.9,103.7,21,-75.46
Baltimore Ravens,2006,16,476,1637,11,52,3.4,102.3,21,-124.62
Cincinnati Bengals,2006,16,435,1629,14,22,3.7,101.8,25,-83.75
Buffalo Bills,2006,16,420,1552,9,57,3.7,97.0,28,-80.45
Tampa Bay Buccaneers,2006,16,404,1523,6,38,3.8,95.2,27,-85.05
Oakland Raiders,2006,16,394,1519,5,59,3.9,94.9,32,-127.43
Arizona Cardinals,2006,16,419,1338,12,18,3.2,83.6,31,-102.27
Cleveland Browns,2006,16,372,1335,7,33,3.6,83.4,23,-119.96
Detroit Lions,2006,16,304,1129,9,52,3.7,70.6,26,-96.32
Atlanta Falcons,2005,16,531,2546,17,65,4.8,159.1,26,-5.71
Denver Broncos,2005,16,542,2539,25,68,4.7,158.7,19,-46.68
Seattle Seahawks,2005,16,519,2457,29,88,4.7,153.6,18,-22.46
Kansas City Chiefs,2005,16,520,2382,26,49,4.6,148.9,23,-29.17
Pittsburgh Steelers,2005,16,549,2223,21,80,4.0,138.9,22,-125.49
New York Giants,2005,16,469,2209,17,95,4.7,138.1,17,-65.09
Washington Redskins,2005,16,525,2183,15,52,4.2,136.4,29,-97.92
Chicago Bears,2005,16,488,2099,11,42,4.3,131.2,32,-116.07
San Diego Chargers,2005,16,465,2072,22,83,4.5,129.5,22,-24.52
Jacksonville Jaguars,2005,16,502,1959,18,71,3.9,122.4,27,-118.81
Cincinnati Bengals,2005,16,459,1910,15,33,4.2,119.4,18,-65.13
Miami Dolphins,2005,16,444,1898,11,65,4.3,118.6,31,-92.98
Dallas Cowboys,2005,16,521,1861,13,51,3.6,116.3,36,-131.32
Tampa Bay Buccaneers,2005,16,457,1826,13,71,4.0,114.1,16,-93.10
Houston Texans,2005,16,437,1816,9,44,4.2,113.5,30,-86.30
Indianapolis Colts,2005,16,465,1703,18,33,3.7,106.4,14,-68.02
San Francisco 49ers,2005,16,428,1689,9,73,3.9,105.6,31,-96.50
New Orleans Saints,2005,16,423,1688,8,42,4.0,105.5,23,-98.04
Carolina Panthers,2005,16,487,1679,17,70,3.4,104.9,23,-128.78
Buffalo Bills,2005,16,428,1607,6,39,3.8,100.4,26,-117.92
Baltimore Ravens,2005,16,452,1605,5,52,3.6,100.3,28,-122.58
St. Louis Rams,2005,16,380,1535,13,51,4.0,95.9,24,-88.90
Tennessee Titans,2005,16,397,1525,8,38,3.8,95.3,27,-105.68
New England Patriots,2005,16,439,1512,16,31,3.4,94.5,19,-102.44
Cleveland Browns,2005,16,395,1503,4,75,3.8,93.9,27,-107.31
Detroit Lions,2005,16,404,1471,10,77,3.6,91.9,21,-69.57
Minnesota Vikings,2005,16,381,1467,10,61,3.9,91.7,25,-102.26
Philadelphia Eagles,2005,16,365,1432,11,59,3.9,89.5,34,-62.07
Oakland Raiders,2005,16,361,1369,11,27,3.8,85.6,26,-66.09
Green Bay Packers,2005,16,398,1352,11,64,3.4,84.5,31,-62.48
New York Jets,2005,16,384,1328,10,49,3.5,83.0,36,-82.74
Arizona Cardinals,2005,16,360,1138,2,32,3.2,71.1,26,-126.73
Atlanta Falcons,2004,16,524,2672,20,60,5.1,167.0,26,30.35
Pittsburgh Steelers,2004,16,618,2464,16,58,4.0,154.0,20,-97.94
New York Jets,2004,16,527,2388,15,33,4.5,149.3,19,-43.13
Denver Broncos,2004,16,534,2333,13,51,4.4,145.8,23,-96.48
Kansas City Chiefs,2004,16,496,2289,31,46,4.6,143.1,20,-14.08
San Diego Chargers,2004,16,525,2185,24,52,4.2,136.6,27,-87.65
New England Patriots,2004,16,524,2134,15,44,4.1,133.4,24,-75.76
Seattle Seahawks,2004,16,468,2095,17,44,4.5,130.9,19,-45.15
Baltimore Ravens,2004,16,491,2063,11,75,4.2,128.9,26,-82.94
Green Bay Packers,2004,16,441,1908,9,90,4.3,119.3,22,-94.30
New York Giants,2004,16,424,1904,18,72,4.5,119.0,29,-86.24
Houston Texans,2004,16,481,1882,16,44,3.9,117.6,22,-63.66
Buffalo Bills,2004,16,483,1874,15,48,3.9,117.1,26,-110.47
Tennessee Titans,2004,16,420,1871,12,52,4.5,116.9,33,-54.79
Indianapolis Colts,2004,16,427,1852,10,55,4.3,115.8,19,-90.42
Jacksonville Jaguars,2004,16,446,1850,9,46,4.1,115.6,23,-86.46
Cincinnati Bengals,2004,16,437,1839,14,52,4.2,114.9,17,-63.64
Minnesota Vikings,2004,16,387,1823,8,49,4.7,113.9,20,-58.59
Detroit Lions,2004,16,407,1777,7,74,4.4,111.1,12,-38.08
Dallas Cowboys,2004,16,449,1769,14,53,3.9,110.6,26,-94.95
Washington Redskins,2004,16,471,1765,6,64,3.7,110.3,20,-98.72
Arizona Cardinals,2004,16,475,1668,15,62,3.5,104.3,34,-93.30
Cleveland Browns,2004,16,441,1657,6,46,3.8,103.6,32,-142.28
Philadelphia Eagles,2004,16,376,1639,10,50,4.4,102.4,17,-57.90
St. Louis Rams,2004,16,381,1624,11,48,4.3,101.5,27,-56.56
Chicago Bears,2004,16,430,1624,10,54,3.8,101.5,35,-88.58
New Orleans Saints,2004,16,406,1606,15,71,4.0,100.4,23,-119.66
Carolina Panthers,2004,16,422,1582,10,71,3.7,98.9,23,-88.12
Tampa Bay Buccaneers,2004,16,393,1489,9,78,3.8,93.1,32,-138.55
San Francisco 49ers,2004,16,413,1449,10,60,3.5,90.6,33,-108.90
Miami Dolphins,2004,16,384,1339,10,53,3.5,83.7,42,-65.20
Oakland Raiders,2004,16,327,1295,10,60,4.0,80.9,23,-79.92
Baltimore Ravens,2003,16,552,2674,18,82,4.8,167.1,37,-93.88
Denver Broncos,2003,16,543,2629,20,65,4.8,164.3,24,-65.24
Green Bay Packers,2003,16,507,2558,18,98,5.0,159.9,19,-48.60
Minnesota Vikings,2003,16,493,2343,15,61,4.8,146.4,31,-15.34
San Francisco 49ers,2003,16,499,2279,16,78,4.6,142.4,24,-49.69
San Diego Chargers,2003,16,417,2146,16,73,5.1,134.1,20,-29.55
Carolina Panthers,2003,16,522,2091,9,40,4.0,130.7,33,-114.89
Jacksonville Jaguars,2003,16,481,2073,13,62,4.3,129.6,27,-39.92
Philadelphia Eagles,2003,16,417,2015,23,64,4.8,125.9,21,-30.83
Seattle Seahawks,2003,16,453,2009,17,55,4.4,125.6,23,-72.91
New Orleans Saints,2003,16,448,2000,11,76,4.5,125.0,33,-64.26
Dallas Cowboys,2003,16,515,1999,11,63,3.9,124.9,26,-128.02
Cincinnati Bengals,2003,16,481,1987,12,54,4.1,124.2,16,-74.28
Atlanta Falcons,2003,16,435,1949,17,69,4.5,121.8,22,-14.96
Kansas City Chiefs,2003,16,446,1929,32,39,4.3,120.6,13,-11.51
Oakland Raiders,2003,16,423,1822,15,53,4.3,113.9,25,-61.99
Miami Dolphins,2003,16,487,1817,14,68,3.7,113.6,26,-90.45
Chicago Bears,2003,16,443,1763,13,67,4.0,110.2,25,-43.78
Indianapolis Colts,2003,16,453,1695,16,43,3.7,105.9,25,-104.02
Cleveland Browns,2003,16,412,1670,8,78,4.1,104.4,32,-90.55
Buffalo Bills,2003,16,427,1664,13,64,3.9,104.0,36,-93.74
Washington Redskins,2003,16,421,1653,8,38,3.9,103.3,21,-64.31
Houston Texans,2003,16,421,1651,14,51,3.9,103.2,18,-79.33
Tampa Bay Buccaneers,2003,16,421,1648,5,61,3.9,103.0,23,-115.19
New York Jets,2003,16,409,1635,8,56,4.0,102.2,18,-70.18
Tennessee Titans,2003,16,486,1623,11,28,3.3,101.4,24,-151.35
New England Patriots,2003,16,473,1607,9,42,3.4,100.4,25,-147.81
New York Giants,2003,16,387,1559,6,27,4.0,97.4,35,-93.18
Arizona Cardinals,2003,16,403,1531,5,36,3.8,95.7,29,-85.03
St. Louis Rams,2003,16,411,1496,19,52,3.6,93.5,33,-117.18
Pittsburgh Steelers,2003,16,446,1488,10,32,3.3,93.0,24,-97.50
Detroit Lions,2003,16,376,1338,5,39,3.6,83.6,18,-85.30
Minnesota Vikings,2002,16,473,2507,26,85,5.3,156.7,40,77.48
Miami Dolphins,2002,16,530,2502,24,63,4.7,156.4,28,-6.24
Kansas City Chiefs,2002,16,462,2378,26,56,5.1,148.6,7,65.70
Atlanta Falcons,2002,16,523,2368,23,59,4.5,148.0,24,5.76
Denver Broncos,2002,16,457,2266,21,59,5.0,141.6,21,35.83
San Francisco 49ers,2002,16,489,2244,16,40,4.6,140.3,15,42.80
Philadelphia Eagles,2002,16,489,2220,15,57,4.5,138.8,28,6.84
San Diego Chargers,2002,16,466,2137,19,76,4.6,133.6,16,23.47
Pittsburgh Steelers,2002,16,512,2120,15,42,4.1,132.5,26,-18.19
Jacksonville Jaguars,2002,16,455,2089,19,62,4.6,130.6,12,1.47
Tennessee Titans,2002,16,511,1952,16,39,3.8,122.0,20,-29.19
Green Bay Packers,2002,16,451,1933,12,43,4.3,120.8,28,-30.52
Washington Redskins,2002,16,442,1889,10,33,4.3,118.1,34,-27.67
New York Giants,2002,16,486,1875,14,70,3.9,117.2,31,-85.49
Arizona Cardinals,2002,16,414,1823,10,58,4.4,113.9,26,-20.35
Baltimore Ravens,2002,16,427,1792,9,75,4.2,112.0,34,-25.30
New Orleans Saints,2002,16,426,1764,16,62,4.1,110.3,29,-12.64
Oakland Raiders,2002,16,414,1762,21,36,4.3,110.1,24,24.47
Dallas Cowboys,2002,16,423,1754,7,46,4.1,109.6,33,-59.27
Seattle Seahawks,2002,16,430,1740,17,58,4.0,108.8,23,0.54
Cincinnati Bengals,2002,16,426,1730,13,67,4.1,108.1,26,5.02
New York Jets,2002,16,400,1618,12,61,4.0,101.1,16,-22.47
Cleveland Browns,2002,16,406,1615,10,64,4.0,100.9,18,-32.91
Buffalo Bills,2002,16,388,1596,17,34,4.1,99.8,29,-32.82
Carolina Panthers,2002,16,452,1586,11,59,3.5,99.1,28,-84.71
Indianapolis Colts,2002,16,434,1561,12,49,3.6,97.6,26,-15.10
Tampa Bay Buccaneers,2002,16,414,1557,6,59,3.8,97.3,24,-58.50
New England Patriots,2002,16,395,1508,9,45,3.8,94.3,24,-16.19
Detroit Lions,2002,16,358,1477,9,40,4.1,92.3,14,-26.16
St. Louis Rams,2002,16,343,1405,11,44,4.1,87.8,29,-39.49
Houston Texans,2002,16,424,1347,6,37,3.2,84.2,34,-86.58
Chicago Bears,2002,16,382,1344,8,34,3.5,84.0,29,-56.06
Pittsburgh Steelers,2001,16,580,2774,17,48,4.8,173.4,28,-70.25
San Francisco 49ers,2001,16,509,2244,16,43,4.4,140.3,19,-65.80
Dallas Cowboys,2001,16,505,2184,8,80,4.3,136.5,25,-114.11
New York Jets,2001,16,445,2054,11,47,4.6,128.4,22,-80.17
St. Louis Rams,2001,16,416,2027,20,71,4.9,126.7,38,-45.40
Kansas City Chiefs,2001,16,448,2008,16,41,4.5,125.5,19,-44.11
Indianapolis Colts,2001,16,438,1966,16,77,4.5,122.9,20,-43.54
Washington Redskins,2001,16,490,1948,10,32,4.0,121.8,33,-120.75
Seattle Seahawks,2001,16,469,1936,15,88,4.1,121.0,24,-44.49
Denver Broncos,2001,16,481,1877,7,62,3.9,117.3,24,-100.80
Baltimore Ravens,2001,16,483,1810,11,55,3.7,113.1,31,-120.15
Tennessee Titans,2001,16,468,1794,12,51,3.8,112.1,18,-110.36
New England Patriots,2001,16,473,1793,15,44,3.8,112.1,29,-132.82
Philadelphia Eagles,2001,16,412,1778,6,48,4.3,111.1,20,-93.87
New York Giants,2001,16,424,1777,11,61,4.2,111.1,40,-71.58
Atlanta Falcons,2001,16,439,1762,9,58,4.0,110.1,27,-101.74
Chicago Bears,2001,16,475,1742,12,46,3.7,108.9,21,-57.49
New Orleans Saints,2001,16,419,1712,8,54,4.1,107.0,35,-99.85
Cincinnati Bengals,2001,16,441,1712,11,96,3.9,107.0,28,-100.66
San Diego Chargers,2001,16,435,1695,13,67,3.9,105.9,26,-81.17
Green Bay Packers,2001,16,410,1693,11,83,4.1,105.8,28,-86.64
Buffalo Bills,2001,16,406,1686,9,68,4.2,105.4,26,-73.07
Miami Dolphins,2001,16,473,1664,14,56,3.5,104.0,26,-73.92
Oakland Raiders,2001,16,450,1654,14,38,3.7,103.4,27,-79.65
Minnesota Vikings,2001,16,376,1609,10,34,4.3,100.6,35,-35.64
Jacksonville Jaguars,2001,16,372,1600,11,54,4.3,100.0,29,-45.43
Arizona Cardinals,2001,16,400,1449,10,42,3.6,90.6,26,-88.74
Detroit Lions,2001,16,351,1398,8,56,4.0,87.4,24,-55.36
Carolina Panthers,2001,16,354,1372,9,58,3.9,85.8,33,-106.64
Tampa Bay Buccaneers,2001,16,407,1371,17,39,3.4,85.7,20,-57.40
Cleveland Browns,2001,16,417,1351,8,51,3.2,84.4,24,-124.61
Oakland Raiders,2000,16,520,2470,23,80,4.8,154.4,18,-55.95
Cincinnati Bengals,2000,16,495,2314,13,80,4.7,144.6,37,-41.48
Denver Broncos,2000,16,516,2311,21,80,4.5,144.4,26,-71.77
Pittsburgh Steelers,2000,16,527,2248,19,45,4.3,140.5,24,-81.79
Baltimore Ravens,2000,16,511,2199,9,45,4.3,137.4,26,-109.14
Minnesota Vikings,2000,16,428,2129,14,72,5.0,133.1,26,-54.75
Tennessee Titans,2000,16,547,2084,14,35,3.8,130.3,24,-176.19
New Orleans Saints,2000,16,505,2068,14,40,4.1,129.3,26,-87.65
Tampa Bay Buccaneers,2000,16,490,2066,18,70,4.2,129.1,16,-95.35
Jacksonville Jaguars,2000,16,481,2032,18,71,4.2,127.0,27,-77.01
New York Giants,2000,16,507,2009,16,78,4.0,125.6,25,-112.04
Dallas Cowboys,2000,16,463,1953,15,52,4.2,122.1,31,-58.61
Buffalo Bills,2000,16,475,1922,11,59,4.0,120.1,28,-95.61
Miami Dolphins,2000,16,496,1894,16,68,3.8,118.4,12,-93.34
Philadelphia Eagles,2000,16,397,1882,13,85,4.7,117.6,22,-51.55
Indianapolis Colts,2000,16,435,1859,14,30,4.3,116.2,20,-36.18
St. Louis Rams,2000,16,383,1843,26,49,4.8,115.2,24,-55.27
San Francisco 49ers,2000,16,416,1801,15,42,4.3,112.6,22,-36.40
Washington Redskins,2000,16,445,1748,14,50,3.9,109.3,22,-122.69
Detroit Lions,2000,16,448,1747,15,38,3.9,109.2,21,-129.85
Chicago Bears,2000,16,417,1736,6,52,4.2,108.5,27,-73.68
Seattle Seahawks,2000,16,403,1720,10,55,4.3,107.5,35,-42.21
Green Bay Packers,2000,16,404,1643,13,39,4.1,102.7,30,-82.13
New York Jets,2000,16,418,1471,11,55,3.5,91.9,18,-134.14
Kansas City Chiefs,2000,16,383,1465,12,69,3.8,91.6,23,-107.40
New England Patriots,2000,16,424,1390,9,35,3.3,86.9,23,-144.59
Arizona Cardinals,2000,16,343,1278,6,29,3.7,79.9,32,-74.36
Atlanta Falcons,2000,16,350,1214,6,42,3.5,75.9,27,-83.77
Carolina Panthers,2000,16,363,1186,7,43,3.3,74.1,25,-101.41
Cleveland Browns,2000,16,336,1085,7,42,3.2,67.8,21,-71.58
San Diego Chargers,2000,16,351,1062,7,26,3.0,66.4,38,-134.45
San Francisco 49ers,1999,16,418,2095,14,68,5.0,130.9,29,
Jacksonville Jaguars,1999,16,514,2091,20,52,4.1,130.7,18,
Oakland Raiders,1999,16,488,2084,18,75,4.3,130.3,22,
Kansas City Chiefs,1999,16,521,2082,14,82,4.0,130.1,22,
St. Louis Rams,1999,16,431,2059,13,58,4.8,128.7,30,
Cincinnati Bengals,1999,16,442,2051,11,50,4.6,128.2,34,
Dallas Cowboys,1999,16,493,2051,16,63,4.2,128.2,22,
Buffalo Bills,1999,16,519,2040,12,52,3.9,127.5,17,
Washington Redskins,1999,16,463,2039,23,76,4.4,127.4,31,
Pittsburgh Steelers,1999,16,495,1991,14,52,4.0,124.4,19,
New York Jets,1999,16,486,1961,7,50,4.0,122.6,22,
Denver Broncos,1999,16,465,1864,13,71,4.0,116.5,33,
Tennessee Titans,1999,16,459,1811,19,40,3.9,113.2,17,
Minnesota Vikings,1999,16,422,1804,13,70,4.3,112.8,24,
Tampa Bay Buccaneers,1999,16,502,1776,7,33,3.5,111.0,25,
Baltimore Ravens,1999,16,431,1754,9,72,4.1,109.6,24,
Philadelphia Eagles,1999,16,424,1746,5,29,4.1,109.1,33,
New Orleans Saints,1999,16,461,1690,9,33,3.7,105.6,26,
Indianapolis Colts,1999,16,419,1660,15,72,4.0,103.8,25,
Carolina Panthers,1999,16,356,1525,12,67,4.3,95.3,24,
Green Bay Packers,1999,16,386,1519,13,36,3.9,94.9,28,
Miami Dolphins,1999,16,445,1453,8,34,3.3,90.8,23,
New England Patriots,1999,16,425,1426,9,43,3.4,89.1,27,
Seattle Seahawks,1999,16,408,1408,5,45,3.5,88.0,31,
New York Giants,1999,16,431,1408,11,40,3.3,88.0,29,
Chicago Bears,1999,16,396,1387,4,49,3.5,86.7,32,
San Diego Chargers,1999,16,410,1246,10,54,3.0,77.9,29,
Detroit Lions,1999,16,356,1245,8,51,3.5,77.8,21,
Arizona Cardinals,1999,16,396,1207,13,58,3.0,75.4,31,
Atlanta Falcons,1999,16,373,1196,9,33,3.2,74.8,24,
Cleveland Browns,1999,16,313,1150,9,40,3.7,71.9,29,
San Francisco 49ers,1998,16,491,2544,19,96,5.2,159.0,22,
Denver Broncos,1998,16,525,2468,26,70,4.7,154.3,17,
Buffalo Bills,1998,16,531,2161,13,32,4.1,135.1,17,
Tampa Bay Buccaneers,1998,16,523,2148,12,50,4.1,134.3,23,
Jacksonville Jaguars,1998,16,487,2102,19,77,4.3,131.4,18,
Atlanta Falcons,1998,16,516,2101,18,48,4.1,131.3,24,
Pittsburgh Steelers,1998,16,490,2034,8,56,4.2,127.1,18,
Dallas Cowboys,1998,16,499,2014,21,49,4.0,125.9,18,
Tennessee Oilers,1998,16,462,1970,12,71,4.3,123.1,25,
Detroit Lions,1998,16,441,1955,12,73,4.4,122.2,17,
Minnesota Vikings,1998,16,450,1936,17,74,4.3,121.0,10,
New York Giants,1998,16,474,1889,10,45,4.0,118.1,17,
New York Jets,1998,16,500,1879,12,60,3.8,117.4,23,
Philadelphia Eagles,1998,16,427,1775,10,64,4.2,110.9,20,
San Diego Chargers,1998,16,460,1728,11,72,3.8,108.0,33,
Oakland Raiders,1998,16,449,1727,6,80,3.8,107.9,38,
Chicago Bears,1998,16,454,1713,9,57,3.8,107.1,29,
Washington Redskins,1998,16,401,1685,15,45,4.2,105.3,27,
Cincinnati Bengals,1998,16,405,1639,7,66,4.0,102.4,21,
Baltimore Ravens,1998,16,408,1629,7,56,4.0,101.8,31,
Arizona Cardinals,1998,16,450,1627,18,32,3.6,101.7,30,
Seattle Seahawks,1998,16,426,1626,11,64,3.8,101.6,30,
Kansas City Chiefs,1998,16,433,1548,19,38,3.6,96.8,35,
Miami Dolphins,1998,16,458,1535,10,45,3.4,95.9,25,
Green Bay Packers,1998,16,447,1526,7,50,3.4,95.4,27,
Indianapolis Colts,1998,16,384,1486,7,68,3.9,92.9,10,
New England Patriots,1998,16,403,1480,9,71,3.7,92.5,20,
Carolina Panthers,1998,16,405,1458,11,41,3.6,91.1,39,
St. Louis Rams,1998,16,395,1385,17,46,3.5,86.6,32,
New Orleans Saints,1998,16,374,1325,6,33,3.5,82.8,28,
Pittsburgh Steelers,1997,16,572,2479,19,74,4.3,154.9,25,
Detroit Lions,1997,16,447,2464,19,82,5.5,154.0,26,
Tennessee Oilers,1997,16,541,2414,17,47,4.5,150.9,31,
Denver Broncos,1997,16,520,2378,18,50,4.6,148.6,25,
Kansas City Chiefs,1997,16,529,2171,15,43,4.1,135.7,21,
Minnesota Vikings,1997,16,449,2041,14,78,4.5,127.6,16,
New York Giants,1997,16,521,1988,14,42,3.8,124.3,23,
San Francisco 49ers,1997,16,523,1969,16,51,3.8,123.1,22,
Cincinnati Bengals,1997,16,452,1966,23,79,4.3,122.9,25,
Philadelphia Eagles,1997,16,465,1943,11,30,4.2,121.4,35,
Tampa Bay Buccaneers,1997,16,479,1934,15,76,4.0,120.9,31,
Green Bay Packers,1997,16,459,1909,9,52,4.2,119.3,24,
Seattle Seahawks,1997,16,404,1800,13,77,4.5,112.5,26,
Buffalo Bills,1997,16,422,1782,12,56,4.2,111.4,39,
Carolina Panthers,1997,16,441,1770,11,50,4.0,110.6,30,
Chicago Bears,1997,16,490,1746,14,68,3.6,109.1,33,
Indianapolis Colts,1997,16,450,1727,10,45,3.8,107.9,23,
Jacksonville Jaguars,1997,16,454,1720,20,33,3.8,107.5,17,
Atlanta Falcons,1997,16,442,1643,8,77,3.7,102.7,34,
Dallas Cowboys,1997,16,423,1637,6,44,3.9,102.3,23,
Washington Redskins,1997,16,453,1615,12,34,3.6,100.9,21,
Baltimore Ravens,1997,16,420,1589,7,25,3.8,99.3,37,
Oakland Raiders,1997,16,360,1588,9,83,4.4,99.3,25,
St. Louis Rams,1997,16,443,1563,15,28,3.5,97.7,29,
New York Jets,1997,16,431,1485,10,43,3.4,92.8,27,
New England Patriots,1997,16,398,1464,6,70,3.7,91.5,17,
New Orleans Saints,1997,16,417,1461,9,74,3.5,91.3,34,
San Diego Chargers,1997,16,409,1416,5,32,3.5,88.5,30,
Miami Dolphins,1997,16,430,1343,18,71,3.1,83.9,22,
Arizona Cardinals,1997,16,395,1255,9,31,3.2,78.4,27,
Denver Broncos,1996,16,525,2362,20,71,4.5,147.6,27,
Pittsburgh Steelers,1996,16,525,2299,18,80,4.4,143.7,27,
Oakland Raiders,1996,16,456,2174,7,77,4.8,135.9,30,
Kansas City Chiefs,1996,16,488,2009,15,35,4.1,125.6,17,
Seattle Seahawks,1996,16,442,1997,16,51,4.5,124.8,24,
Houston Oilers,1996,16,475,1950,12,76,4.1,121.9,26,
Washington Redskins,1996,16,467,1910,27,49,4.1,119.4,21,
Buffalo Bills,1996,16,563,1901,14,37,3.4,118.8,25,
Philadelphia Eagles,1996,16,489,1882,16,56,3.8,117.6,24,
San Francisco 49ers,1996,16,454,1847,17,67,4.1,115.4,16,
Green Bay Packers,1996,16,465,1838,9,24,4.0,114.9,33,
Detroit Lions,1996,16,389,1810,15,54,4.7,113.1,21,
Cincinnati Bengals,1996,16,478,1793,14,33,3.8,112.1,19,
Baltimore Ravens,1996,16,416,1745,10,42,4.2,109.1,23,
Carolina Panthers,1996,16,502,1729,9,35,3.4,108.1,25,
Chicago Bears,1996,16,472,1720,9,32,3.6,107.5,25,
Jacksonville Jaguars,1996,16,431,1650,13,35,3.8,103.1,29,
Dallas Cowboys,1996,16,475,1641,14,42,3.5,102.6,24,
Miami Dolphins,1996,16,460,1622,14,49,3.5,101.4,31,
St. Louis Rams,1996,16,448,1607,10,38,3.6,100.4,42,
New York Giants,1996,16,485,1603,4,37,3.3,100.2,27,
Tampa Bay Buccaneers,1996,16,472,1589,8,56,3.4,99.3,28,
New York Jets,1996,16,407,1583,8,78,3.9,98.9,25,
Minnesota Vikings,1996,16,435,1546,7,57,3.6,96.6,26,
Arizona Cardinals,1996,16,401,1502,8,70,3.7,93.9,29,
New England Patriots,1996,16,427,1468,15,57,3.4,91.8,25,
Atlanta Falcons,1996,16,329,1461,9,34,4.4,91.3,23,
Indianapolis Colts,1996,16,420,1448,9,53,3.4,90.5,24,
San Diego Chargers,1996,16,412,1312,7,21,3.2,82.0,30,
New Orleans Saints,1996,16,386,1308,10,63,3.4,81.8,30,
Kansas City Chiefs,1995,16,507,2222,14,76,4.4,138.9,17,
Dallas Cowboys,1995,16,495,2201,29,60,4.4,137.6,24,
Seattle Seahawks,1995,16,477,2178,20,86,4.6,136.1,24,
Philadelphia Eagles,1995,16,508,2121,19,57,4.2,132.6,31,
Denver Broncos,1995,16,440,1995,14,60,4.5,124.7,25,
Buffalo Bills,1995,16,521,1993,10,49,3.8,124.6,25,
Washington Redskins,1995,16,469,1956,15,58,4.2,122.3,24,
Oakland Raiders,1995,16,463,1932,10,60,4.2,120.8,25,
Chicago Bears,1995,16,492,1930,15,42,3.9,120.6,26,
New England Patriots,1995,16,474,1866,16,49,3.9,116.6,32,
Indianapolis Colts,1995,16,478,1855,14,42,3.9,115.9,21,
Pittsburgh Steelers,1995,16,494,1852,17,38,3.7,115.8,24,
New York Giants,1995,16,478,1833,17,36,3.8,114.6,27,
Detroit Lions,1995,16,387,1753,16,75,4.5,109.6,21,
San Diego Chargers,1995,16,479,1747,14,48,3.6,109.2,30,
Minnesota Vikings,1995,16,433,1733,10,66,4.0,108.3,29,
Jacksonville Jaguars,1995,16,410,1705,9,27,4.2,106.6,23,
Houston Oilers,1995,16,478,1664,12,74,3.5,104.0,36,
Tampa Bay Buccaneers,1995,16,398,1587,19,75,4.0,99.2,25,
Carolina Panthers,1995,16,454,1573,10,53,3.5,98.3,28,
Miami Dolphins,1995,16,413,1506,16,40,3.6,94.1,24,
Cleveland Browns,1995,16,398,1482,5,29,3.7,92.6,25,
San Francisco 49ers,1995,16,415,1479,19,29,3.6,92.4,21,
Cincinnati Bengals,1995,16,364,1439,7,30,4.0,89.9,23,
St. Louis Rams,1995,16,392,1431,5,41,3.7,89.4,27,
Green Bay Packers,1995,16,410,1428,9,40,3.5,89.3,22,
Atlanta Falcons,1995,16,337,1393,8,31,4.1,87.1,21,
New Orleans Saints,1995,16,383,1390,11,66,3.6,86.9,19,
Arizona Cardinals,1995,16,387,1363,3,38,3.5,85.2,41,
New York Jets,1995,16,365,1279,2,30,3.5,79.9,38,
Pittsburgh Steelers,1994,16,546,2180,15,29,4.0,136.3,18,
Seattle Seahawks,1994,16,480,2084,16,41,4.3,130.3,31,
Detroit Lions,1994,16,406,2080,12,85,5.1,130.0,26,
Indianapolis Colts,1994,16,495,2060,15,52,4.2,128.8,30,
Dallas Cowboys,1994,16,550,1953,26,46,3.6,122.1,22,
San Francisco 49ers,1994,16,491,1897,23,28,3.9,118.6,25,
San Diego Chargers,1994,16,482,1852,13,36,3.8,115.8,19,
Buffalo Bills,1994,16,483,1831,14,60,3.8,114.4,30,
Philadelphia Eagles,1994,16,432,1761,14,91,4.1,110.1,23,
New York Giants,1994,16,525,1754,12,27,3.3,109.6,28,
Kansas City Chiefs,1994,16,464,1732,12,36,3.7,108.3,21,
Houston Oilers,1994,16,417,1682,10,33,4.0,105.1,42,
Miami Dolphins,1994,16,433,1658,13,47,3.8,103.6,28,
Cleveland Browns,1994,16,449,1657,12,39,3.7,103.6,26,
Chicago Bears,1994,16,487,1588,10,25,3.3,99.3,21,
New York Jets,1994,16,416,1566,8,90,3.8,97.9,28,
Arizona Cardinals,1994,16,480,1560,12,36,3.3,97.5,25,
Cincinnati Bengals,1994,16,404,1556,5,37,3.9,97.3,31,
Green Bay Packers,1994,16,417,1543,11,43,3.7,96.4,25,
Minnesota Vikings,1994,16,419,1524,11,45,3.6,95.3,32,
Los Angeles Raiders,1994,16,428,1512,7,28,3.5,94.5,22,
Tampa Bay Buccaneers,1994,16,430,1489,8,27,3.5,93.1,18,
Denver Broncos,1994,16,431,1470,19,24,3.4,91.9,27,
Washington Redskins,1994,16,407,1415,5,49,3.5,88.4,21,
Los Angeles Rams,1994,16,397,1389,6,44,3.5,86.8,26,
New Orleans Saints,1994,16,373,1336,11,40,3.6,83.5,22,
New England Patriots,1994,16,478,1332,12,26,2.8,83.3,28,
Atlanta Falcons,1994,16,330,1249,8,25,3.8,78.1,28,
New York Giants,1993,16,560,2210,11,58,3.9,138.1,19,
Dallas Cowboys,1993,16,490,2161,20,62,4.4,135.1,33,
San Francisco 49ers,1993,16,463,2133,26,50,4.6,133.3,32,
Seattle Seahawks,1993,16,473,2015,13,45,4.3,125.9,25,
Los Angeles Rams,1993,16,449,2014,8,71,4.5,125.9,20,
Pittsburgh Steelers,1993,16,491,2003,13,38,4.1,125.2,28,
Detroit Lions,1993,16,456,1944,9,48,4.3,121.5,29,
Buffalo Bills,1993,16,550,1943,12,27,3.5,121.4,26,
New York Jets,1993,16,521,1880,14,57,3.6,117.5,38,
San Diego Chargers,1993,16,455,1824,14,65,4.0,114.0,13,
Phoenix Cardinals,1993,16,452,1809,12,57,4.0,113.1,23,
Houston Oilers,1993,16,409,1792,11,35,4.4,112.0,37,
New England Patriots,1993,16,502,1780,9,49,3.5,111.3,30,
New Orleans Saints,1993,16,414,1766,10,74,4.3,110.4,24,
Philadelphia Eagles,1993,16,456,1761,7,35,3.9,110.1,32,
Washington Redskins,1993,16,396,1728,11,85,4.4,108.0,24,
Cleveland Browns,1993,16,425,1701,8,55,4.0,106.3,27,
Denver Broncos,1993,16,468,1693,13,26,3.6,105.8,29,
Chicago Bears,1993,16,477,1677,10,45,3.5,104.8,29,
Kansas City Chiefs,1993,16,445,1655,14,47,3.7,103.4,28,
Minnesota Vikings,1993,16,447,1624,8,31,3.6,101.5,15,
Green Bay Packers,1993,16,448,1619,14,60,3.6,101.2,26,
Atlanta Falcons,1993,16,395,1590,4,29,4.0,99.4,31,
Cincinnati Bengals,1993,16,423,1511,3,29,3.6,94.4,24,
Miami Dolphins,1993,16,419,1459,10,77,3.5,91.2,32,
Los Angeles Raiders,1993,16,433,1425,10,19,3.3,89.1,23,
Tampa Bay Buccaneers,1993,16,402,1290,6,22,3.2,80.6,28,
Indianapolis Colts,1993,16,365,1288,4,34,3.5,80.5,34,
Buffalo Bills,1992,16,549,2436,18,64,4.4,152.3,31,
Philadelphia Eagles,1992,16,516,2388,19,38,4.6,149.3,25,
San Francisco 49ers,1992,16,482,2315,22,43,4.8,144.7,29,
Pittsburgh Steelers,1992,16,518,2156,13,69,4.2,134.8,28,
Dallas Cowboys,1992,16,500,2121,20,68,4.2,132.6,16,
New York Giants,1992,16,458,2077,20,63,4.5,129.8,25,
Minnesota Vikings,1992,16,497,2030,19,51,4.1,126.9,29,
Cincinnati Bengals,1992,16,454,1976,11,53,4.4,123.5,32,
San Diego Chargers,1992,16,489,1875,18,33,3.8,117.2,26,
Chicago Bears,1992,16,427,1871,15,49,4.4,116.9,23,
Los Angeles Raiders,1992,16,434,1794,7,66,4.1,112.1,25,
New York Jets,1992,16,424,1752,8,32,4.1,109.5,28,
Washington Redskins,1992,16,483,1727,10,33,3.6,107.9,18,
Tampa Bay Buccaneers,1992,16,438,1706,12,25,3.9,106.6,19,
Los Angeles Rams,1992,16,393,1659,12,71,4.2,103.7,30,
Detroit Lions,1992,16,378,1644,9,55,4.3,102.8,26,
New Orleans Saints,1992,16,454,1628,10,25,3.6,101.8,27,
Houston Oilers,1992,16,353,1626,10,44,4.6,101.6,28,
Cleveland Browns,1992,16,451,1607,7,37,3.6,100.4,19,
Seattle Seahawks,1992,16,402,1596,4,52,4.0,99.8,37,
Green Bay Packers,1992,16,420,1555,7,44,3.7,97.2,41,
New England Patriots,1992,16,419,1550,6,36,3.7,96.9,43,
Kansas City Chiefs,1992,16,446,1532,14,44,3.4,95.8,28,
Miami Dolphins,1992,16,407,1525,9,23,3.7,95.3,31,
Denver Broncos,1992,16,403,1500,11,67,3.7,93.8,29,
Phoenix Cardinals,1992,16,395,1491,11,42,3.8,93.2,26,
Atlanta Falcons,1992,16,322,1270,3,32,3.9,79.4,30,
Indianapolis Colts,1992,16,379,1102,8,36,2.9,68.9,24,
Buffalo Bills,1991,16,505,2381,16,78,4.7,148.8,25,
San Diego Chargers,1991,16,464,2248,16,63,4.8,140.5,24,
Kansas City Chiefs,1991,16,521,2217,14,48,4.3,138.6,22,
Minnesota Vikings,1991,16,464,2201,18,71,4.7,137.6,21,
New York Jets,1991,16,523,2160,17,58,4.1,135.0,28,
New York Giants,1991,16,487,2064,16,47,4.2,129.0,33,
Washington Redskins,1991,16,540,2049,21,65,3.8,128.1,26,
Denver Broncos,1991,16,507,2015,16,63,4.0,125.9,31,
Chicago Bears,1991,16,502,1949,18,42,3.9,121.8,25,
Detroit Lions,1991,16,454,1930,19,69,4.3,120.6,25,
San Francisco 49ers,1991,16,440,1861,19,53,4.2,116.3,33,
Cincinnati Bengals,1991,16,449,1811,11,75,4.0,113.2,31,
Dallas Cowboys,1991,16,433,1711,15,75,4.0,106.9,23,
New Orleans Saints,1991,16,483,1709,15,65,3.5,106.8,24,
Los Angeles Raiders,1991,16,446,1706,8,26,3.8,106.6,20,
Atlanta Falcons,1991,16,410,1664,6,36,4.1,104.0,19,
Pittsburgh Steelers,1991,16,394,1627,8,56,4.1,101.7,37,
New England Patriots,1991,16,433,1467,9,24,3.4,91.7,34,
Tampa Bay Buccaneers,1991,16,371,1429,9,64,3.9,89.3,30,
Seattle Seahawks,1991,16,394,1426,11,42,3.6,89.1,26,
Philadelphia Eagles,1991,16,446,1396,8,28,3.1,87.3,34,
Green Bay Packers,1991,16,381,1389,12,48,3.6,86.8,41,
Houston Oilers,1991,16,331,1366,16,39,4.1,85.4,33,
Cleveland Browns,1991,16,389,1360,12,52,3.5,85.0,18,
Miami Dolphins,1991,16,379,1352,8,24,3.6,84.5,23,
Phoenix Cardinals,1991,16,391,1295,6,22,3.3,80.9,31,
Los Angeles Rams,1991,16,388,1285,11,36,3.3,80.3,32,
Indianapolis Colts,1991,16,354,1169,3,44,3.3,73.1,31,
Philadelphia Eagles,1990,16,540,2556,10,52,4.7,159.8,32,
Chicago Bears,1990,16,551,2436,22,52,4.4,152.3,29,
San Diego Chargers,1990,16,484,2257,14,52,4.7,141.1,24,
New York Jets,1990,16,476,2127,16,41,4.5,132.9,28,
Cincinnati Bengals,1990,16,484,2120,16,56,4.4,132.5,25,
Washington Redskins,1990,16,515,2083,16,26,4.0,130.2,14,
Buffalo Bills,1990,16,479,2080,20,80,4.3,130.0,17,
New York Giants,1990,16,541,2049,17,51,3.8,128.1,21,
Los Angeles Raiders,1990,16,496,2028,20,88,4.1,126.8,24,
Kansas City Chiefs,1990,16,504,1948,11,53,3.9,121.8,30,
Detroit Lions,1990,16,366,1927,19,45,5.3,120.4,29,
Phoenix Cardinals,1990,16,452,1912,13,41,4.2,119.5,25,
Pittsburgh Steelers,1990,16,456,1880,11,70,4.1,117.5,40,
Denver Broncos,1990,16,462,1872,19,37,4.1,117.0,30,
Minnesota Vikings,1990,16,455,1867,10,58,4.1,116.7,30,
New Orleans Saints,1990,16,464,1850,14,60,4.0,115.6,29,
Seattle Seahawks,1990,16,457,1749,18,36,3.8,109.3,32,
San Francisco 49ers,1990,16,454,1718,12,74,3.8,107.4,24,
Tampa Bay Buccaneers,1990,16,410,1626,7,48,4.0,101.6,38,
Los Angeles Rams,1990,16,422,1612,17,48,3.8,100.8,25,
Atlanta Falcons,1990,16,420,1594,11,67,3.8,99.6,40,
Miami Dolphins,1990,16,420,1535,13,33,3.7,95.9,33,
Dallas Cowboys,1990,16,393,1500,13,48,3.8,93.8,27,
Houston Oilers,1990,16,328,1417,10,31,4.3,88.6,34,
New England Patriots,1990,16,383,1398,4,29,3.7,87.4,33,
Green Bay Packers,1990,16,350,1369,5,37,3.9,85.6,37,
Indianapolis Colts,1990,16,335,1282,9,43,3.8,80.1,23,
Cleveland Browns,1990,16,345,1220,10,42,3.5,76.3,37,
Cincinnati Bengals,1989,16,529,2483,17,65,4.7,155.2,29,
Chicago Bears,1989,16,516,2287,22,73,4.4,142.9,23,
Buffalo Bills,1989,16,532,2264,15,38,4.3,141.5,30,
Kansas City Chiefs,1989,16,559,2227,18,59,4.0,139.2,32,
Philadelphia Eagles,1989,16,540,2208,14,51,4.1,138.0,43,
Denver Broncos,1989,16,554,2092,15,40,3.8,130.8,26,
Minnesota Vikings,1989,16,514,2066,12,47,4.0,129.1,28,
Detroit Lions,1989,16,421,2053,23,34,4.9,128.3,37,
Los Angeles Raiders,1989,16,454,2038,9,92,4.5,127.4,28,
San Francisco 49ers,1989,16,493,1966,14,29,4.0,122.9,32,
New Orleans Saints,1989,16,502,1948,19,40,3.9,121.8,28,
Houston Oilers,1989,16,495,1928,16,60,3.9,120.5,39,
Los Angeles Rams,1989,16,472,1909,19,47,4.0,119.3,26,
Washington Redskins,1989,16,514,1904,14,58,3.7,119.0,32,
New York Giants,1989,16,556,1889,17,36,3.4,118.1,30,
San Diego Chargers,1989,16,432,1873,13,50,4.3,117.1,24,
Indianapolis Colts,1989,16,458,1853,11,26,4.0,115.8,33,
Pittsburgh Steelers,1989,16,500,1818,17,58,3.6,113.6,32,
New England Patriots,1989,16,485,1749,12,35,3.6,109.3,26,
Green Bay Packers,1989,16,397,1732,13,68,4.4,108.3,35,
Cleveland Browns,1989,16,448,1609,14,43,3.6,100.6,23,
New York Jets,1989,16,400,1596,11,39,4.0,99.8,32,
Tampa Bay Buccaneers,1989,16,412,1507,10,48,3.7,94.2,21,
Dallas Cowboys,1989,16,355,1409,7,63,4.0,88.1,29,
Seattle Seahawks,1989,16,405,1392,5,34,3.4,87.0,43,
Phoenix Cardinals,1989,16,407,1361,10,44,3.3,85.1,24,
Miami Dolphins,1989,16,400,1330,10,25,3.3,83.1,30,
Atlanta Falcons,1989,16,318,1155,11,22,3.6,72.2,26,
Cincinnati Bengals,1988,16,563,2710,27,56,4.8,169.4,28,
San Francisco 49ers,1988,16,527,2523,18,49,4.8,157.7,27,
Chicago Bears,1988,16,555,2319,25,80,4.2,144.9,37,
Indianapolis Colts,1988,16,545,2249,23,44,4.1,140.6,20,
Houston Oilers,1988,16,558,2249,26,42,4.0,140.6,33,
Pittsburgh Steelers,1988,16,499,2228,17,64,4.5,139.3,40,
Buffalo Bills,1988,16,528,2133,15,37,4.0,133.3,26,
New York Jets,1988,16,514,2132,19,28,4.1,133.3,32,
New England Patriots,1988,16,588,2120,17,52,3.6,132.5,19,
Seattle Seahawks,1988,16,517,2086,14,44,4.0,130.4,29,
New Orleans Saints,1988,16,512,2046,9,73,4.0,127.9,29,
San Diego Chargers,1988,16,438,2041,11,37,4.7,127.6,26,
Phoenix Cardinals,1988,16,480,2027,15,47,4.2,126.7,34,
Atlanta Falcons,1988,16,478,2016,11,62,4.2,126.0,29,
Los Angeles Rams,1988,16,507,2003,16,44,4.0,125.2,28,
Dallas Cowboys,1988,16,469,1995,10,38,4.3,124.7,22,
Philadelphia Eagles,1988,16,464,1945,17,52,4.2,121.6,29,
Los Angeles Raiders,1988,16,493,1852,15,32,3.8,115.8,33,
Denver Broncos,1988,16,464,1815,13,35,3.9,113.4,34,
Minnesota Vikings,1988,16,501,1806,22,34,3.6,112.9,22,
Tampa Bay Buccaneers,1988,16,452,1753,11,47,3.9,109.6,27,
Kansas City Chiefs,1988,16,448,1713,8,48,3.8,107.1,21,
New York Giants,1988,16,493,1689,15,27,3.4,105.6,32,
Cleveland Browns,1988,16,440,1575,10,65,3.6,98.4,32,
Washington Redskins,1988,16,437,1543,8,29,3.5,96.4,34,
Green Bay Packers,1988,16,385,1379,14,33,3.6,86.2,44,
Detroit Lions,1988,16,391,1243,7,35,3.2,77.7,31,
Miami Dolphins,1988,16,335,1205,11,64,3.6,75.3,26,
San Francisco 49ers,1987,15,524,2237,11,35,4.3,149.1,25,
Los Angeles Raiders,1987,15,475,2197,13,91,4.6,146.5,24,
New Orleans Saints,1987,15,569,2190,20,38,3.8,146.0,33,
Cincinnati Bengals,1987,15,538,2164,13,52,4.0,144.3,29,
Pittsburgh Steelers,1987,15,517,2144,11,51,4.1,142.9,37,
Indianapolis Colts,1987,15,497,2143,14,53,4.3,142.9,36,
Washington Redskins,1987,15,500,2102,18,31,4.2,140.1,26,
Los Angeles Rams,1987,15,512,2097,15,58,4.1,139.8,26,
Philadelphia Eagles,1987,15,509,2027,12,45,4.0,135.1,44,
Seattle Seahawks,1987,15,496,2023,13,57,4.1,134.9,31,
Minnesota Vikings,1987,15,482,1983,20,72,4.1,132.2,28,
Denver Broncos,1987,15,510,1970,18,29,3.9,131.3,29,
Chicago Bears,1987,15,485,1954,13,38,4.0,130.3,33,
Houston Oilers,1987,15,486,1923,12,41,4.0,128.2,32,
St. Louis Cardinals,1987,15,462,1873,15,42,4.1,124.9,23,
Dallas Cowboys,1987,15,465,1865,17,62,4.0,124.3,30,
Buffalo Bills,1987,15,465,1840,9,30,4.0,122.7,41,
Green Bay Packers,1987,15,464,1801,13,61,3.9,120.1,35,
Kansas City Chiefs,1987,15,419,1799,7,64,4.3,119.9,41,
New England Patriots,1987,15,513,1771,12,49,3.5,118.1,36,
Cleveland Browns,1987,15,474,1745,16,35,3.7,116.3,33,
New York Jets,1987,15,458,1671,17,30,3.6,111.4,33,
Miami Dolphins,1987,15,408,1662,16,51,4.1,110.8,37,
New York Giants,1987,15,440,1457,4,34,3.3,97.1,38,
Detroit Lions,1987,15,398,1435,9,33,3.6,95.7,29,
Tampa Bay Buccaneers,1987,15,394,1365,7,46,3.5,91.0,35,
San Diego Chargers,1987,15,396,1308,11,25,3.3,87.2,38,
Atlanta Falcons,1987,15,333,1298,5,44,3.9,86.5,27,
Chicago Bears,1986,16,606,2700,21,75,4.5,168.8,36,
Cincinnati Bengals,1986,16,521,2533,24,61,4.9,158.3,31,
Atlanta Falcons,1986,16,578,2524,12,48,4.4,157.8,31,
Los Angeles Rams,1986,16,578,2457,16,42,4.3,153.6,39,
Seattle Seahawks,1986,16,513,2300,15,60,4.5,143.8,29,
New York Giants,1986,16,558,2245,18,54,4.0,140.3,31,
Pittsburgh Steelers,1986,16,564,2223,18,45,3.9,138.9,27,
New Orleans Saints,1986,16,505,2074,15,50,4.1,129.6,33,
Philadelphia Eagles,1986,16,499,2002,8,50,4.0,125.1,34,
San Francisco 49ers,1986,16,510,1986,16,29,3.9,124.1,32,
Dallas Cowboys,1986,16,447,1969,21,84,4.4,123.1,44,
Tampa Bay Buccaneers,1986,16,455,1863,12,59,4.1,116.4,36,
Los Angeles Raiders,1986,16,475,1790,6,28,3.8,111.9,36,
St. Louis Cardinals,1986,16,419,1787,8,44,4.3,111.7,25,
Detroit Lions,1986,16,470,1771,13,60,3.8,110.7,30,
Minnesota Vikings,1986,16,461,1738,14,60,3.8,108.6,31,
Washington Redskins,1986,16,474,1732,23,42,3.7,108.3,29,
New York Jets,1986,16,490,1729,16,41,3.5,108.1,37,
Houston Oilers,1986,16,490,1700,13,43,3.5,106.3,28,
Denver Broncos,1986,16,455,1678,17,42,3.7,104.9,24,
Buffalo Bills,1986,16,419,1654,9,42,3.9,103.4,40,
Cleveland Browns,1986,16,470,1650,20,47,3.5,103.1,31,
Green Bay Packers,1986,16,424,1614,8,50,3.8,100.9,35,
San Diego Chargers,1986,16,471,1576,19,24,3.3,98.5,29,
Miami Dolphins,1986,16,349,1545,9,54,4.4,96.6,37,
Indianapolis Colts,1986,16,407,1491,10,70,3.7,93.2,41,
Kansas City Chiefs,1986,16,432,1468,10,40,3.4,91.8,27,
New England Patriots,1986,16,469,1373,10,31,2.9,85.8,27,
Chicago Bears,1985,16,610,2761,27,40,4.5,172.6,24,
Washington Redskins,1985,16,571,2523,20,66,4.4,157.7,27,
Atlanta Falcons,1985,16,560,2466,14,50,4.4,154.1,23,
New York Giants,1985,16,581,2451,24,65,4.2,153.2,36,
Indianapolis Colts,1985,16,485,2439,22,67,5.0,152.4,27,
New England Patriots,1985,16,565,2331,15,65,4.1,145.7,37,
New York Jets,1985,16,564,2312,18,69,4.1,144.5,35,
Cleveland Browns,1985,16,533,2285,16,61,4.3,142.8,40,
Los Angeles Raiders,1985,16,532,2262,18,61,4.3,141.4,27,
San Francisco 49ers,1985,16,477,2232,20,62,4.7,139.5,29,
Green Bay Packers,1985,16,470,2208,16,80,4.7,138.0,39,
Cincinnati Bengals,1985,16,503,2183,20,39,4.3,136.4,35,
Pittsburgh Steelers,1985,16,541,2177,14,56,4.0,136.1,31,
Los Angeles Rams,1985,16,503,2057,15,43,4.1,128.6,35,
St. Louis Cardinals,1985,16,417,1974,14,64,4.7,123.4,38,
Denver Broncos,1985,16,497,1851,20,42,3.7,115.7,24,
Dallas Cowboys,1985,16,462,1741,11,60,3.8,108.8,29,
Miami Dolphins,1985,16,444,1729,19,33,3.9,108.1,31,
New Orleans Saints,1985,16,431,1683,4,45,3.9,105.2,23,
San Diego Chargers,1985,16,440,1665,20,56,3.8,104.1,44,
Seattle Seahawks,1985,16,462,1644,9,38,3.6,102.8,34,
Tampa Bay Buccaneers,1985,16,434,1644,11,28,3.8,102.8,37,
Philadelphia Eagles,1985,16,428,1630,8,74,3.8,101.9,25,
Buffalo Bills,1985,16,412,1611,13,77,3.9,100.7,36,
Houston Oilers,1985,16,428,1570,13,43,3.7,98.1,41,
Detroit Lions,1985,16,452,1538,13,29,3.4,96.1,36,
Minnesota Vikings,1985,16,406,1516,19,37,3.7,94.8,27,
Kansas City Chiefs,1985,16,428,1486,10,54,3.5,92.9,22,
Chicago Bears,1984,16,674,2974,22,72,4.4,185.9,31,
Los Angeles Rams,1984,16,541,2864,16,66,5.3,179.0,31,
San Francisco 49ers,1984,16,534,2465,21,47,4.6,154.1,26,
Washington Redskins,1984,16,588,2274,20,31,3.9,142.1,33,
New York Jets,1984,16,504,2189,17,64,4.3,136.8,26,
Cincinnati Bengals,1984,16,540,2179,18,33,4.0,136.2,32,
Pittsburgh Steelers,1984,16,574,2179,13,52,3.8,136.2,40,
New Orleans Saints,1984,16,523,2171,9,62,4.2,135.7,22,
St. Louis Cardinals,1984,16,488,2088,21,39,4.3,130.5,32,
Denver Broncos,1984,16,508,2076,12,52,4.1,129.8,36,
New England Patriots,1984,16,482,2032,15,73,4.2,127.0,29,
Indianapolis Colts,1984,16,510,2025,13,31,4.0,126.6,35,
Green Bay Packers,1984,16,461,2019,18,50,4.4,126.2,17,
Detroit Lions,1984,16,446,2017,13,81,4.5,126.1,36,
Atlanta Falcons,1984,16,489,1994,16,57,4.1,124.6,39,
Miami Dolphins,1984,16,484,1918,18,35,4.0,119.9,26,
Los Angeles Raiders,1984,16,516,1886,19,52,3.7,117.9,42,
Minnesota Vikings,1984,16,444,1844,10,39,4.2,115.3,39,
Tampa Bay Buccaneers,1984,16,483,1776,17,37,3.7,111.0,36,
Dallas Cowboys,1984,16,469,1714,12,31,3.7,107.1,35,
Cleveland Browns,1984,16,489,1696,10,54,3.5,106.0,31,
New York Giants,1984,16,493,1660,12,28,3.4,103.8,17,
Houston Oilers,1984,16,433,1656,13,51,3.8,103.5,36,
San Diego Chargers,1984,16,456,1654,18,32,3.6,103.4,35,
Seattle Seahawks,1984,16,495,1645,10,40,3.3,102.8,24,
Buffalo Bills,1984,16,398,1643,9,85,4.1,102.7,31,
Kansas City Chiefs,1984,16,408,1527,12,69,3.7,95.4,34,
Philadelphia Eagles,1984,16,381,1338,6,27,3.5,83.6,23,
Chicago Bears,1983,16,583,2727,14,49,4.7,170.4,25,
Baltimore Colts,1983,16,601,2695,10,56,4.5,168.4,32,
Washington Redskins,1983,16,629,2625,30,48,4.2,164.1,13,
Pittsburgh Steelers,1983,16,614,2610,17,50,4.3,163.1,42,
New England Patriots,1983,16,538,2605,19,77,4.8,162.8,47,
New Orleans Saints,1983,16,595,2461,19,76,4.1,153.8,37,
St. Louis Cardinals,1983,16,525,2277,15,46,4.3,142.3,50,
San Francisco 49ers,1983,16,511,2257,17,71,4.4,141.1,27,
Los Angeles Rams,1983,16,511,2253,20,85,4.4,140.8,38,
Los Angeles Raiders,1983,16,542,2240,18,32,4.1,140.0,46,
Atlanta Falcons,1983,16,492,2224,17,40,4.5,139.0,36,
Detroit Lions,1983,16,513,2181,18,41,4.3,136.3,41,
Miami Dolphins,1983,16,568,2150,16,44,3.8,134.4,30,
Seattle Seahawks,1983,16,546,2119,19,60,3.9,132.4,36,
Dallas Cowboys,1983,16,519,2117,21,77,4.1,132.3,30,
Cincinnati Bengals,1983,16,542,2104,24,29,3.9,131.5,35,
New York Jets,1983,16,474,2068,11,78,4.4,129.3,29,
Houston Oilers,1983,16,502,1998,16,80,4.0,124.9,26,
Cleveland Browns,1983,16,465,1922,13,29,4.1,120.1,21,
Minnesota Vikings,1983,16,470,1808,17,56,3.8,113.0,33,
Green Bay Packers,1983,16,439,1807,15,71,4.1,112.9,37,
New York Giants,1983,16,506,1794,9,37,3.5,112.1,39,
Denver Broncos,1983,16,471,1784,15,52,3.8,111.5,34,
Buffalo Bills,1983,16,415,1736,4,45,4.2,108.5,24,
San Diego Chargers,1983,16,423,1536,16,61,3.6,96.0,42,
Philadelphia Eagles,1983,16,402,1417,5,35,3.5,88.6,37,
Tampa Bay Buccaneers,1983,16,428,1353,9,75,3.2,84.6,39,
Kansas City Chiefs,1983,16,387,1254,13,49,3.2,78.4,31,
Buffalo Bills,1982,9,319,1371,9,62,4.3,152.3,23,
New England Patriots,1982,9,324,1347,3,54,4.2,149.7,16,
Miami Dolphins,1982,9,333,1344,11,33,4.0,149.3,15,
New York Jets,1982,9,304,1317,13,48,4.3,146.3,18,
Dallas Cowboys,1982,9,296,1313,10,99,4.4,145.9,29,
New Orleans Saints,1982,9,331,1257,8,38,3.8,139.7,17,
St. Louis Cardinals,1982,9,307,1209,10,64,3.9,134.3,17,
Pittsburgh Steelers,1982,9,289,1187,7,34,4.1,131.9,18,
Atlanta Falcons,1982,9,310,1181,12,37,3.8,131.2,14,
Washington Redskins,1982,9,315,1140,5,40,3.6,126.7,15,
San Diego Chargers,1982,9,267,1121,15,48,4.2,124.6,17,
Green Bay Packers,1982,9,283,1081,12,83,3.8,120.1,20,
Los Angeles Raiders,1982,9,292,1080,15,53,3.7,120.0,22,
Baltimore Colts,1982,9,293,1044,4,32,3.6,116.0,24,
Los Angeles Rams,1982,9,251,1025,13,54,4.1,113.9,23,
Detroit Lions,1982,9,283,1022,5,29,3.6,113.6,23,
Denver Broncos,1982,9,257,1018,6,23,4.0,113.1,24,
Chicago Bears,1982,9,276,988,5,26,3.6,109.8,16,
Tampa Bay Buccaneers,1982,9,268,952,6,47,3.6,105.8,28,
Cincinnati Bengals,1982,9,269,949,13,21,3.5,105.4,12,
Kansas City Chiefs,1982,9,269,943,3,36,3.5,104.8,13,
Minnesota Vikings,1982,9,245,912,6,30,3.7,101.3,12,
Cleveland Browns,1982,9,256,873,7,18,3.4,97.0,15,
New York Giants,1982,9,244,842,7,23,3.5,93.6,19,
Philadelphia Eagles,1982,9,211,829,11,90,3.9,92.1,26,
Houston Oilers,1982,9,225,799,5,24,3.6,88.8,14,
Seattle Seahawks,1982,9,227,795,4,46,3.5,88.3,21,
San Francisco 49ers,1982,9,219,740,6,21,3.4,82.2,17,
Detroit Lions,1981,16,596,2795,26,51,4.7,174.7,41,
Dallas Cowboys,1981,16,630,2711,15,75,4.3,169.4,45,
Kansas City Chiefs,1981,16,610,2633,22,82,4.3,164.6,36,
Philadelphia Eagles,1981,16,559,2509,17,41,4.5,156.8,33,
Pittsburgh Steelers,1981,16,554,2372,21,50,4.3,148.3,39,
New York Jets,1981,16,571,2341,11,43,4.1,146.3,38,
New Orleans Saints,1981,16,546,2286,16,79,4.2,142.9,40,
Los Angeles Rams,1981,16,559,2236,17,69,4.0,139.8,34,
St. Louis Cardinals,1981,16,519,2213,20,44,4.3,138.3,33,
Miami Dolphins,1981,16,535,2173,18,46,4.1,135.8,26,
Chicago Bears,1981,16,608,2171,13,39,3.6,135.7,37,
Washington Redskins,1981,16,532,2157,19,32,4.1,134.8,32,
Buffalo Bills,1981,16,524,2125,13,35,4.1,132.8,33,
Oakland Raiders,1981,16,493,2058,11,60,4.2,128.6,42,
New England Patriots,1981,16,499,2040,23,43,4.1,127.5,32,
San Diego Chargers,1981,16,481,2005,26,73,4.2,125.3,39,
Cincinnati Bengals,1981,16,493,1973,19,39,4.0,123.3,25,
Atlanta Falcons,1981,16,495,1965,15,35,4.0,122.8,31,
San Francisco 49ers,1981,16,560,1941,17,28,3.5,121.3,26,
Cleveland Browns,1981,16,474,1929,11,26,4.1,120.6,38,
Denver Broncos,1981,16,515,1895,12,37,3.7,118.4,26,
Baltimore Colts,1981,16,441,1850,11,67,4.2,115.6,27,
Houston Oilers,1981,16,466,1734,11,43,3.7,108.4,33,
Tampa Bay Buccaneers,1981,16,458,1731,13,59,3.8,108.2,27,
New York Giants,1981,16,481,1685,11,35,3.5,105.3,38,
Green Bay Packers,1981,16,478,1670,11,34,3.5,104.4,31,
Seattle Seahawks,1981,16,440,1594,14,43,3.6,99.6,41,
Minnesota Vikings,1981,16,391,1512,8,38,3.9,94.5,39,
Los Angeles Rams,1980,16,615,2799,17,61,4.6,174.9,29,
Houston Oilers,1980,16,573,2635,18,55,4.6,164.7,33,
Detroit Lions,1980,16,572,2599,21,52,4.5,162.4,40,
Chicago Bears,1980,16,579,2440,22,69,4.2,152.5,23,
Atlanta Falcons,1980,16,559,2405,15,37,4.3,150.3,32,
Dallas Cowboys,1980,16,595,2378,26,56,4.0,148.6,26,
New England Patriots,1980,16,588,2240,19,44,3.8,140.0,19,
Buffalo Bills,1980,16,603,2222,17,48,3.7,138.9,36,
St. Louis Cardinals,1980,16,519,2183,19,52,4.2,136.4,24,
Oakland Raiders,1980,16,541,2146,14,89,4.0,134.1,38,
Baltimore Colts,1980,16,527,2078,20,51,3.9,129.9,23,
Cincinnati Bengals,1980,16,513,2069,9,57,4.0,129.3,22,
Washington Redskins,1980,16,517,2016,12,55,3.9,126.0,35,
Philadelphia Eagles,1980,16,527,1995,19,72,3.8,124.7,29,
Pittsburgh Steelers,1980,16,512,1986,15,28,3.9,124.1,38,
San Diego Chargers,1980,16,509,1879,18,53,3.7,117.4,40,
Miami Dolphins,1980,16,492,1876,9,65,3.8,117.3,33,
New York Jets,1980,16,470,1873,17,31,4.0,117.1,27,
Kansas City Chiefs,1980,16,552,1873,15,38,3.4,117.1,42,
Denver Broncos,1980,16,480,1865,16,35,3.9,116.6,25,
Tampa Bay Buccaneers,1980,16,477,1839,9,40,3.9,114.9,28,
Green Bay Packers,1980,16,493,1806,13,38,3.7,112.9,36,
Seattle Seahawks,1980,16,456,1783,13,26,3.9,111.4,38,
San Francisco 49ers,1980,16,415,1743,10,47,4.2,108.9,39,
New York Giants,1980,16,483,1730,10,35,3.6,108.1,33,
Cleveland Browns,1980,16,436,1673,15,56,3.8,104.6,24,
Minnesota Vikings,1980,16,433,1642,14,55,3.8,102.6,15,
New Orleans Saints,1980,16,348,1362,9,26,3.9,85.1,28,
New York Jets,1979,16,634,2646,23,52,4.2,165.4,26,
Pittsburgh Steelers,1979,16,561,2603,25,75,4.6,162.7,47,
St. Louis Cardinals,1979,16,566,2582,24,76,4.6,161.4,42,
Houston Oilers,1979,16,616,2571,24,61,4.2,160.7,31,
Chicago Bears,1979,16,627,2486,17,43,4.0,155.4,21,
New Orleans Saints,1979,16,551,2476,28,69,4.5,154.8,24,
Los Angeles Rams,1979,16,592,2460,16,63,4.2,153.8,38,
Tampa Bay Buccaneers,1979,16,609,2437,13,61,4.0,152.3,25,
Philadelphia Eagles,1979,16,567,2421,17,80,4.3,151.3,38,
Dallas Cowboys,1979,16,578,2375,15,41,4.1,148.4,34,
Cincinnati Bengals,1979,16,560,2329,23,63,4.2,145.6,24,
Washington Redskins,1979,16,609,2328,17,66,3.8,145.5,21,
Kansas City Chiefs,1979,16,569,2316,18,84,4.1,144.8,31,
Cleveland Browns,1979,16,504,2281,16,77,4.5,142.6,29,
New England Patriots,1979,16,604,2252,16,52,3.7,140.8,29,
Atlanta Falcons,1979,16,500,2200,15,60,4.4,137.5,31,
Miami Dolphins,1979,16,561,2187,19,42,3.9,136.7,27,
Denver Broncos,1979,16,525,2036,13,30,3.9,127.3,34,
Seattle Seahawks,1979,16,500,1967,24,67,3.9,122.9,31,
San Francisco 49ers,1979,16,480,1932,17,56,4.0,120.8,37,
Green Bay Packers,1979,16,483,1861,14,60,3.9,116.3,37,
New York Giants,1979,16,498,1820,12,32,3.7,113.8,34,
Minnesota Vikings,1979,16,487,1764,9,34,3.6,110.3,40,
Oakland Raiders,1979,16,491,1763,13,72,3.6,110.2,34,
Detroit Lions,1979,16,441,1677,11,38,3.8,104.8,37,
Baltimore Colts,1979,16,515,1674,12,26,3.3,104.6,36,
San Diego Chargers,1979,16,481,1668,25,55,3.5,104.3,31,
Buffalo Bills,1979,16,474,1621,11,75,3.4,101.3,32,
New England Patriots,1978,16,671,3165,30,73,4.7,197.8,35,
Kansas City Chiefs,1978,16,663,2986,19,62,4.5,186.6,32,
Dallas Cowboys,1978,16,625,2783,22,63,4.5,173.9,36,
Chicago Bears,1978,16,634,2526,19,76,4.0,157.9,22,
Cleveland Browns,1978,16,559,2488,17,71,4.5,155.5,50,
Houston Oilers,1978,16,603,2476,19,81,4.1,154.8,35,
Philadelphia Eagles,1978,16,587,2456,16,50,4.2,153.5,39,
Denver Broncos,1978,16,601,2451,15,47,4.1,153.2,28,
Seattle Seahawks,1978,16,561,2394,28,67,4.3,149.6,36,
Buffalo Bills,1978,16,556,2381,15,66,4.3,148.8,34,
Miami Dolphins,1978,16,548,2366,18,65,4.3,147.9,24,
Los Angeles Rams,1978,16,609,2308,12,26,3.8,144.3,39,
New York Giants,1978,16,580,2304,12,46,4.0,144.0,23,
Pittsburgh Steelers,1978,16,641,2297,16,37,3.6,143.6,35,
New York Jets,1978,16,562,2250,21,33,4.0,140.6,22,
Oakland Raiders,1978,16,577,2186,18,34,3.8,136.6,27,
Detroit Lions,1978,16,525,2163,12,75,4.1,135.2,35,
Cincinnati Bengals,1978,16,526,2131,10,65,4.1,133.2,36,
Tampa Bay Buccaneers,1978,16,549,2098,16,56,3.8,131.1,35,
San Diego Chargers,1978,16,590,2096,16,37,3.6,131.0,37,
San Francisco 49ers,1978,16,585,2091,14,40,3.6,130.7,56,
Washington Redskins,1978,16,537,2082,10,47,3.9,130.1,31,
Baltimore Colts,1978,16,532,2044,9,46,3.8,127.8,38,
Green Bay Packers,1978,16,550,2023,16,76,3.7,126.4,35,
St. Louis Cardinals,1978,16,554,1954,14,32,3.5,122.1,28,
New Orleans Saints,1978,16,512,1845,17,28,3.6,115.3,32,
Atlanta Falcons,1978,16,533,1660,13,26,3.1,103.8,41,
Minnesota Vikings,1978,16,505,1536,10,22,3.0,96.0,34,
Chicago Bears,1977,14,599,2811,18,73,4.7,200.8,36,
Oakland Raiders,1977,14,681,2627,20,37,3.9,187.6,22,
Los Angeles Rams,1977,14,621,2575,19,48,4.1,183.9,32,
Dallas Cowboys,1977,14,564,2369,21,84,4.2,169.2,26,
Miami Dolphins,1977,14,519,2366,18,77,4.6,169.0,22,
New England Patriots,1977,14,603,2303,13,41,3.8,164.5,28,
Pittsburgh Steelers,1977,14,581,2258,20,61,3.9,161.3,41,
Cleveland Browns,1977,14,510,2200,9,78,4.3,157.1,34,
Baltimore Colts,1977,14,566,2123,17,64,3.8,151.6,24,
San Francisco 49ers,1977,14,564,2086,16,80,3.7,149.0,27,
Denver Broncos,1977,14,523,2043,16,62,3.9,145.9,28,
St. Louis Cardinals,1977,14,507,2042,19,62,4.0,145.9,31,
New Orleans Saints,1977,14,484,2024,14,36,4.2,144.6,20,
Houston Oilers,1977,14,509,1989,15,77,3.9,142.1,30,
Seattle Seahawks,1977,14,461,1964,12,39,4.3,140.3,27,
New York Giants,1977,14,548,1897,11,32,3.5,135.5,27,
Atlanta Falcons,1977,14,582,1890,9,35,3.2,135.0,28,
Buffalo Bills,1977,14,450,1861,3,66,4.1,132.9,36,
Cincinnati Bengals,1977,14,488,1861,10,65,3.8,132.9,37,
Kansas City Chiefs,1977,14,456,1843,13,59,4.0,131.6,33,
Minnesota Vikings,1977,14,510,1821,9,51,3.6,130.1,36,
San Diego Chargers,1977,14,488,1761,10,46,3.6,125.8,29,
Washington Redskins,1977,14,502,1752,4,34,3.5,125.1,26,
Philadelphia Eagles,1977,14,484,1722,10,70,3.6,123.0,31,
Detroit Lions,1977,14,479,1706,11,35,3.6,121.9,26,
New York Jets,1977,14,437,1618,6,27,3.7,115.6,24,
Green Bay Packers,1977,14,469,1464,5,40,3.1,104.6,24,
Tampa Bay Buccaneers,1977,14,465,1424,4,35,3.1,101.7,30,
Pittsburgh Steelers,1976,14,653,2971,33,47,4.5,212.2,40,
New England Patriots,1976,14,591,2948,24,69,5.0,210.6,28,
Buffalo Bills,1976,14,548,2566,11,75,4.7,183.3,45,
Los Angeles Rams,1976,14,613,2528,23,40,4.1,180.6,29,
San Francisco 49ers,1976,14,576,2447,14,80,4.2,174.8,30,
Chicago Bears,1976,14,578,2363,20,60,4.1,168.8,24,
Baltimore Colts,1976,14,565,2303,26,69,4.1,164.5,25,
St. Louis Cardinals,1976,14,580,2301,17,36,4.0,164.4,44,
Cleveland Browns,1976,14,533,2295,9,64,4.3,163.9,45,
Oakland Raiders,1976,14,557,2285,14,31,4.1,163.2,21,
Detroit Lions,1976,14,516,2213,9,46,4.3,158.1,38,
Dallas Cowboys,1976,14,538,2147,16,28,4.0,153.4,26,
Miami Dolphins,1976,14,491,2118,15,59,4.3,151.3,14,
Washington Redskins,1976,14,548,2111,10,28,3.9,150.8,36,
Cincinnati Bengals,1976,14,481,2109,15,77,4.4,150.6,38,
Philadelphia Eagles,1976,14,505,2080,8,59,4.1,148.6,33,
San Diego Chargers,1976,14,473,2040,13,46,4.3,145.7,28,
Minnesota Vikings,1976,14,540,2003,18,46,3.7,143.1,33,
Denver Broncos,1976,14,500,1932,14,31,3.9,138.0,23,
New York Jets,1976,14,438,1924,10,60,4.4,137.4,44,
New York Giants,1976,14,530,1904,11,29,3.6,136.0,27,
Kansas City Chiefs,1976,14,498,1873,18,59,3.8,133.8,32,
New Orleans Saints,1976,14,431,1775,16,74,4.1,126.8,32,
Green Bay Packers,1976,14,485,1722,15,56,3.6,123.0,37,
Atlanta Falcons,1976,14,470,1689,10,47,3.6,120.6,30,
Tampa Bay Buccaneers,1976,14,433,1503,5,46,3.5,107.4,30,
Houston Oilers,1976,14,416,1498,6,44,3.6,107.0,25,
Seattle Seahawks,1976,14,374,1416,14,53,3.8,101.1,30,
Buffalo Bills,1975,14,588,2974,26,88,5.1,212.4,24,
Pittsburgh Steelers,1975,14,581,2633,22,36,4.5,188.1,34,
Oakland Raiders,1975,14,643,2573,28,66,4.0,183.8,31,
Miami Dolphins,1975,14,594,2500,26,56,4.2,178.6,20,
Dallas Cowboys,1975,14,571,2432,17,32,4.3,173.7,25,
St. Louis Cardinals,1975,14,555,2402,19,57,4.3,171.6,33,
Los Angeles Rams,1975,14,585,2371,18,43,4.1,169.4,26,
Baltimore Colts,1975,14,536,2217,28,70,4.1,158.4,18,
Detroit Lions,1975,14,532,2147,10,46,4.0,153.4,28,
Minnesota Vikings,1975,14,556,2094,18,31,3.8,149.6,34,
New York Jets,1975,14,501,2079,15,42,4.1,148.5,24,
Houston Oilers,1975,14,526,2068,14,46,3.9,147.7,28,
Denver Broncos,1975,14,490,1993,9,34,4.1,142.4,28,
Cleveland Browns,1975,14,440,1850,14,50,4.2,132.1,35,
Kansas City Chiefs,1975,14,487,1847,14,65,3.8,131.9,38,
New England Patriots,1975,14,472,1845,14,66,3.9,131.8,43,
Cincinnati Bengals,1975,14,499,1819,20,29,3.6,129.9,31,
San Diego Chargers,1975,14,434,1801,14,48,4.1,128.6,32,
Atlanta Falcons,1975,14,465,1794,12,26,3.9,128.1,37,
Washington Redskins,1975,14,444,1752,9,43,3.9,125.1,28,
Philadelphia Eagles,1975,14,461,1702,3,51,3.7,121.6,29,
Chicago Bears,1975,14,441,1653,11,54,3.7,118.1,35,
New Orleans Saints,1975,14,463,1642,9,22,3.5,117.3,33,
New York Giants,1975,14,482,1627,17,46,3.4,116.2,44,
San Francisco 49ers,1975,14,422,1598,12,52,3.8,114.1,44,
Green Bay Packers,1975,14,431,1547,14,29,3.6,110.5,31,
Dallas Cowboys,1974,14,542,2454,22,53,4.5,175.3,31,
Pittsburgh Steelers,1974,14,546,2417,19,54,4.4,172.6,33,
Oakland Raiders,1974,14,561,2334,15,41,4.2,166.7,22,
Miami Dolphins,1974,14,570,2191,25,41,3.8,156.5,25,
Denver Broncos,1974,14,486,2157,20,43,4.4,154.1,23,
New England Patriots,1974,14,520,2134,21,75,4.1,152.4,26,
Los Angeles Rams,1974,14,566,2125,16,23,3.8,151.8,29,
San Diego Chargers,1974,14,508,2111,15,56,4.2,150.8,24,
Buffalo Bills,1974,14,545,2094,11,41,3.8,149.6,32,
New Orleans Saints,1974,14,503,1983,9,66,3.9,141.6,26,
San Francisco 49ers,1974,14,477,1981,10,71,4.2,141.5,31,
Cincinnati Bengals,1974,14,445,1978,14,29,4.4,141.3,27,
St. Louis Cardinals,1974,14,466,1956,12,75,4.2,139.7,27,
Cleveland Browns,1974,14,461,1924,14,54,4.2,137.4,34,
Minnesota Vikings,1974,14,488,1856,17,32,3.8,132.6,24,
Baltimore Colts,1974,14,450,1818,13,39,4.0,129.9,28,
Kansas City Chiefs,1974,14,469,1720,10,47,3.7,122.9,29,
New York Jets,1974,14,444,1625,12,34,3.7,116.1,26,
Green Bay Packers,1974,14,482,1571,10,47,3.3,112.2,25,
New York Giants,1974,14,441,1496,11,53,3.4,106.9,28,
Atlanta Falcons,1974,14,400,1493,6,34,3.7,106.6,32,
Chicago Bears,1974,14,434,1480,10,31,3.4,105.7,35,
Washington Redskins,1974,14,470,1443,11,66,3.1,103.1,16,
Detroit Lions,1974,14,397,1433,13,27,3.6,102.4,23,
Philadelphia Eagles,1974,14,415,1385,13,28,3.3,98.9,32,
Houston Oilers,1974,14,421,1361,16,47,3.2,97.2,26,
Buffalo Bills,1973,14,605,3088,20,80,5.1,220.6,27,
Los Angeles Rams,1973,14,659,2925,18,49,4.4,208.9,21,
Miami Dolphins,1973,14,507,2521,16,70,5.0,180.1,22,
Oakland Raiders,1973,14,547,2510,14,50,4.6,179.3,29,
Dallas Cowboys,1973,14,542,2418,17,54,4.5,172.7,25,
Minnesota Vikings,1973,14,538,2275,14,50,4.2,162.5,29,
Cincinnati Bengals,1973,14,515,2236,13,46,4.3,159.7,25,
Pittsburgh Steelers,1973,14,555,2143,12,47,3.9,153.1,36,
Detroit Lions,1973,14,496,2133,17,57,4.3,152.4,30,
Atlanta Falcons,1973,14,518,2037,18,25,3.9,145.5,40,
Baltimore Colts,1973,14,536,2031,9,36,3.8,145.1,18,
Green Bay Packers,1973,14,527,1973,10,53,3.7,140.9,23,
Cleveland Browns,1973,14,506,1968,12,65,3.9,140.6,34,
Denver Broncos,1973,14,487,1954,16,72,4.0,139.6,21,
Chicago Bears,1973,14,496,1907,11,42,3.8,136.2,40,
New York Jets,1973,14,453,1864,7,52,4.1,133.1,32,
New Orleans Saints,1973,14,497,1842,5,23,3.7,131.6,34,
San Diego Chargers,1973,14,431,1814,9,68,4.2,129.6,41,
Kansas City Chiefs,1973,14,511,1793,11,28,3.5,128.1,36,
Philadelphia Eagles,1973,14,417,1791,9,37,4.3,127.9,41,
San Francisco 49ers,1973,14,422,1743,15,63,4.1,124.5,32,
St. Louis Cardinals,1973,14,416,1671,13,54,4.0,119.4,37,
New England Patriots,1973,14,454,1612,15,34,3.6,115.1,51,
New York Giants,1973,14,456,1478,11,29,3.2,105.6,23,
Washington Redskins,1973,14,459,1439,9,27,3.1,102.8,32,
Houston Oilers,1973,14,386,1388,9,52,3.6,99.1,43,
Miami Dolphins,1972,14,613,2960,26,45,4.8,211.4,25,
Pittsburgh Steelers,1972,14,497,2520,22,75,5.1,180.0,27,
Oakland Raiders,1972,14,521,2376,20,45,4.6,169.7,31,
Chicago Bears,1972,14,536,2360,15,57,4.4,168.6,40,
Los Angeles Rams,1972,14,472,2209,17,68,4.7,157.8,24,
Buffalo Bills,1972,14,512,2132,11,94,4.2,152.3,29,
Green Bay Packers,1972,14,544,2127,17,41,3.9,151.9,22,
Dallas Cowboys,1972,14,499,2124,17,41,4.3,151.7,27,
Atlanta Falcons,1972,14,500,2092,16,56,4.2,149.4,42,
Washington Redskins,1972,14,513,2082,17,38,4.1,148.7,27,
New York Giants,1972,14,524,2022,16,45,3.9,144.4,32,
Detroit Lions,1972,14,473,2021,20,38,4.3,144.4,17,
New York Jets,1972,14,461,2010,18,40,4.4,143.6,21,
Cincinnati Bengals,1972,14,491,1996,16,43,4.1,142.6,28,
San Diego Chargers,1972,14,504,1995,12,41,4.0,142.5,40,
Kansas City Chiefs,1972,14,476,1915,6,51,4.0,136.8,23,
Baltimore Colts,1972,14,462,1894,10,36,4.1,135.3,37,
Denver Broncos,1972,14,409,1838,17,66,4.5,131.3,25,
Cleveland Browns,1972,14,453,1793,13,27,4.0,128.1,21,
Minnesota Vikings,1972,14,472,1740,11,43,3.7,124.3,32,
San Francisco 49ers,1972,14,445,1616,11,33,3.6,115.4,30,
New England Patriots,1972,14,386,1532,13,41,4.0,109.4,26,
Houston Oilers,1972,14,397,1518,7,43,3.8,108.4,30,
Philadelphia Eagles,1972,14,398,1393,2,34,3.5,99.5,37,
New Orleans Saints,1972,14,337,1230,5,27,3.6,87.9,33,
St. Louis Cardinals,1972,14,361,1229,9,19,3.4,87.8,43,
Miami Dolphins,1971,14,486,2429,11,51,5.0,173.5,22,
Detroit Lions,1971,14,532,2376,15,52,4.5,169.7,35,
Dallas Cowboys,1971,14,512,2249,25,56,4.4,160.6,30,
Green Bay Packers,1971,14,500,2229,18,52,4.5,159.2,29,
Baltimore Colts,1971,14,512,2149,23,67,4.2,153.5,26,
Cincinnati Bengals,1971,14,462,2142,14,86,4.6,153.0,29,
Los Angeles Rams,1971,14,460,2139,15,80,4.7,152.8,32,
Oakland Raiders,1971,14,473,2130,19,39,4.5,152.1,26,
San Francisco 49ers,1971,14,498,2129,12,49,4.3,152.1,33,
Denver Broncos,1971,14,512,2093,9,40,4.1,149.5,25,
New York Jets,1971,14,485,1888,12,63,3.9,134.9,30,
Kansas City Chiefs,1971,14,487,1843,14,27,3.8,131.6,23,
Pittsburgh Steelers,1971,14,416,1758,10,39,4.2,125.6,37,
Washington Redskins,1971,14,477,1757,8,57,3.7,125.5,32,
New Orleans Saints,1971,14,452,1711,18,39,3.8,122.2,29,
Atlanta Falcons,1971,14,494,1703,12,27,3.4,121.6,39,
Minnesota Vikings,1971,14,484,1695,14,73,3.5,121.1,25,
New England Patriots,1971,14,419,1669,7,50,4.0,119.2,26,
San Diego Chargers,1971,14,390,1604,11,54,4.1,114.6,30,
Cleveland Browns,1971,14,461,1558,19,35,3.4,111.3,29,
St. Louis Cardinals,1971,14,417,1530,8,40,3.7,109.3,35,
New York Giants,1971,14,394,1461,11,37,3.7,104.4,37,
Chicago Bears,1971,14,365,1434,6,40,3.9,102.4,28,
Buffalo Bills,1971,14,320,1337,6,46,4.2,95.5,33,
Philadelphia Eagles,1971,14,407,1248,6,39,3.1,89.1,21,
Houston Oilers,1971,14,361,1106,10,31,3.1,79.0,24,
Dallas Cowboys,1970,14,522,2300,16,47,4.4,164.3,29,
Detroit Lions,1970,14,514,2127,16,76,4.1,151.9,26,
Miami Dolphins,1970,14,492,2082,14,56,4.2,148.7,24,
Cincinnati Bengals,1970,14,461,2057,16,76,4.5,146.9,22,
Washington Redskins,1970,14,444,2021,11,75,4.6,144.4,26,
St. Louis Cardinals,1970,14,429,1998,18,75,4.7,142.7,24,
Oakland Raiders,1970,14,471,1964,7,39,4.2,140.3,21,
Kansas City Chiefs,1970,14,448,1858,11,65,4.1,132.7,26,
Denver Broncos,1970,14,436,1802,17,80,4.1,128.7,23,
New York Giants,1970,14,465,1799,11,68,3.9,128.5,29,
Los Angeles Rams,1970,14,430,1763,12,24,4.1,125.9,27,
Pittsburgh Steelers,1970,14,432,1715,13,85,4.0,122.5,30,
New York Jets,1970,14,463,1653,11,27,3.6,118.1,20,
Minnesota Vikings,1970,14,508,1634,16,23,3.2,116.7,25,
Atlanta Falcons,1970,14,431,1600,4,40,3.7,114.3,24,
Green Bay Packers,1970,14,453,1595,8,54,3.5,113.9,34,
San Francisco 49ers,1970,14,471,1580,13,45,3.4,112.9,24,
Cleveland Browns,1970,14,462,1579,14,63,3.4,112.8,24,
Houston Oilers,1970,14,419,1556,10,49,3.7,111.1,26,
Philadelphia Eagles,1970,14,450,1539,11,57,3.4,109.9,26,
Buffalo Bills,1970,14,367,1465,8,56,4.0,104.6,37,
San Diego Chargers,1970,14,395,1450,9,70,3.7,103.6,19,
Baltimore Colts,1970,14,411,1336,9,26,3.3,95.4,25,
New Orleans Saints,1970,14,371,1215,4,29,3.3,86.8,27,
Chicago Bears,1970,14,353,1092,3,45,3.1,78.0,29,
Boston Patriots,1970,14,334,1040,11,26,3.1,74.3,18,
